time,acceleration
0,9.8
0.002,9.8
0.004,9.8
0.006,9.8
0.008,9.8
0.01,9.8
0.012,9.8
0.014,9.8
0.016,9.8
0.018,9.8
0.02,9.8
0.022,9.8
0.024,9.8
0.026,9.9
0.028,9.9
0.03,9.8
0.032,9.8
0.034,9.9
0.036,9.9
0.038,9.9
0.04,9.9
0.042,9.9
0.044,9.9
0.046,9.9
0.048,9.9
0.05,9.9
0.052,9.9
0.054,9.9
0.056,9.9
0.058,9.9
0.06,9.8
0.062,9.8
0.064,9.8
0.066,9.8
0.068,9.8
0.07,9.8
0.072,9.8
0.074,9.8
0.076,9.8
0.078,9.8
0.08,9.8
0.082,9.8
0.084,9.8
0.086,9.8
0.088,9.8
0.09,9.8
0.092,9.8
0.094,9.8
0.096,9.8
0.098,9.8
0.1,9.8
0.102,9.8
0.104,9.8
0.106,9.8
0.108,9.8
0.11,9.8
0.112,9.8
0.114,9.8
0.116,9.8
0.118,9.8
0.12,9.8
0.122,9.8
0.124,9.8
0.126,9.8
0.128,9.8
0.13,9.8
0.132,9.8
0.134,9.8
0.136,9.8
0.138,9.8
0.14,9.8
0.142,9.8
0.144,9.8
0.146,9.8
0.148,9.8
0.15,9.8
0.152,9.8
0.154,9.8
0.156,9.9
0.158,9.9
0.16,9.9
0.162,9.9
0.164,9.8
0.166,9.8
0.168,9.8
0.17,9.8
0.172,9.8
0.174,9.8
0.176,9.8
0.178,9.8
0.18,9.8
0.182,9.8
0.184,9.9
0.186,9.9
0.188,9.9
0.19,9.9
0.192,9.9
0.194,9.8
0.196,9.8
0.198,9.8
0.2,9.8
0.202,9.8
0.204,9.8
0.206,9.8
0.208,9.8
0.21,9.8
0.212,9.8
0.214,9.8
0.216,9.8
0.218,9.8
0.22,9.8
0.222,9.8
0.224,9.8
0.226,9.8
0.228,9.8
0.23,9.8
0.232,9.8
0.234,9.8
0.236,9.9
0.238,9.9
0.24,9.9
0.242,9.9
0.244,9.8
0.246,9.8
0.248,9.8
0.25,9.8
0.252,9.8
0.254,9.8
0.256,9.8
0.258,9.8
0.26,9.8
0.262,9.8
0.264,9.8
0.266,9.8
0.268,9.8
0.27,9.8
0.272,9.8
0.274,9.8
0.276,9.8
0.278,9.8
0.28,9.9
0.282,9.9
0.284,9.9
0.286,9.8
0.288,9.8
0.29,9.8
0.292,9.8
0.294,9.8
0.296,9.8
0.298,9.8
0.3,9.8
0.302,9.8
0.304,9.8
0.306,9.8
0.308,9.8
0.31,9.8
0.312,9.8
0.314,9.8
0.316,9.8
0.318,9.8
0.32,9.8
0.322,9.8
0.324,9.8
0.326,9.8
0.328,9.8
0.33,9.8
0.332,9.8
0.334,9.8
0.336,9.8
0.338,9.8
0.34,9.8
0.342,9.8
0.344,9.8
0.346,9.8
0.348,9.8
0.35,9.8
0.352,9.8
0.354,9.8
0.356,9.8
0.358,9.8
0.36,9.8
0.362,9.8
0.364,9.8
0.366,9.8
0.368,9.8
0.37,9.8
0.372,9.8
0.374,9.8
0.376,9.8
0.378,9.8
0.38,9.8
0.382,9.8
0.384,9.8
0.386,9.8
0.388,9.8
0.39,9.8
0.392,9.8
0.394,9.8
0.396,9.8
0.398,9.8
0.4,9.8
0.402,9.8
0.404,9.8
0.406,9.8
0.408,9.8
0.41,9.8
0.412,9.8
0.414,9.8
0.416,9.8
0.418,9.8
0.42,9.8
0.422,9.9
0.424,9.8
0.426,9.8
0.428,9.8
0.43,9.8
0.432,9.8
0.434,9.8
0.436,9.8
0.438,9.8
0.44,9.8
0.442,9.8
0.444,9.8
0.446,9.8
0.448,9.8
0.45,9.8
0.452,9.8
0.454,9.8
0.456,9.8
0.458,9.8
0.46,9.8
0.462,9.8
0.464,9.8
0.466,9.8
0.468,9.8
0.47,9.8
0.472,9.8
0.474,9.8
0.476,9.8
0.478,9.8
0.48,9.8
0.482,9.8
0.484,9.8
0.486,9.9
0.488,9.9
0.49,9.9
0.492,9.9
0.494,9.8
0.496,9.8
0.498,9.8
0.5,9.8
0.502,9.8
0.504,9.8
0.506,9.8
0.508,9.8
0.51,9.8
0.512,9.8
0.514,9.9
0.516,9.9
0.518,9.9
0.52,9.9
0.522,9.9
0.524,9.9
0.526,9.9
0.528,9.9
0.53,9.8
0.532,9.8
0.534,9.8
0.536,9.8
0.538,9.8
0.54,9.8
0.542,9.8
0.544,9.8
0.546,9.8
0.548,9.8
0.55,9.8
0.552,9.8
0.554,9.8
0.556,9.8
0.558,9.8
0.56,9.8
0.562,9.8
0.564,9.8
0.566,9.8
0.568,9.8
0.57,9.8
0.572,9.8
0.574,9.8
0.576,9.8
0.578,9.8
0.58,9.8
0.582,9.8
0.584,9.8
0.586,9.8
0.588,9.8
0.59,9.8
0.592,9.8
0.594,9.8
0.596,9.8
0.598,9.8
0.6,9.8
0.602,9.8
0.604,9.8
0.606,9.8
0.608,9.8
0.61,9.8
0.612,9.8
0.614,9.8
0.616,9.8
0.618,9.8
0.62,9.8
0.622,9.8
0.624,9.8
0.626,9.8
0.628,9.8
0.63,9.8
0.632,9.8
0.634,9.8
0.636,9.8
0.638,9.8
0.64,9.8
0.642,9.8
0.644,9.8
0.646,9.8
0.648,9.8
0.65,9.8
0.652,9.8
0.654,9.8
0.656,9.8
0.658,9.8
0.66,9.8
0.662,9.8
0.664,9.9
0.666,9.9
0.668,9.9
0.67,9.8
0.672,9.8
0.674,9.8
0.676,9.8
0.678,9.8
0.68,9.8
0.682,9.8
0.684,9.8
0.686,9.8
0.688,9.8
0.69,9.8
0.692,9.8
0.694,9.8
0.696,9.8
0.698,9.8
0.7,9.8
0.702,9.8
0.704,9.8
0.706,9.8
0.708,9.8
0.71,9.8
0.712,9.8
0.714,9.8
0.716,9.8
0.718,9.8
0.72,9.8
0.722,9.8
0.724,9.8
0.726,9.8
0.728,9.8
0.73,9.8
0.732,9.8
0.734,9.8
0.736,9.8
0.738,9.8
0.74,9.8
0.742,9.8
0.744,9.8
0.746,9.8
0.748,9.8
0.75,9.8
0.752,9.8
0.754,9.8
0.756,9.8
0.758,9.8
0.76,9.8
0.762,9.9
0.764,9.8
0.766,9.8
0.768,9.8
0.77,9.8
0.772,9.8
0.774,9.8
0.776,9.8
0.778,9.8
0.78,9.8
0.782,9.8
0.784,9.8
0.786,9.8
0.788,9.8
0.79,9.8
0.792,9.8
0.794,9.8
0.796,9.8
0.798,9.8
0.8,9.8
0.802,9.8
0.804,9.8
0.806,9.8
0.808,9.8
0.81,9.8
0.812,9.8
0.814,9.8
0.816,9.8
0.818,9.8
0.82,9.8
0.822,9.8
0.824,9.8
0.826,9.8
0.828,9.8
0.83,9.8
0.832,9.8
0.834,9.8
0.836,9.8
0.838,9.8
0.84,9.8
0.842,9.8
0.844,9.9
0.846,9.9
0.848,9.9
0.85,9.8
0.852,9.8
0.854,9.8
0.856,9.8
0.858,9.8
0.86,9.8
0.862,9.8
0.864,9.8
0.866,9.8
0.868,9.8
0.87,9.8
0.872,9.8
0.874,9.8
0.876,9.8
0.878,9.8
0.88,9.8
0.882,9.8
0.884,9.8
0.886,9.8
0.888,9.8
0.89,9.8
0.892,9.8
0.894,9.8
0.896,9.8
0.898,9.8
0.9,9.8
0.902,9.8
0.904,9.8
0.906,9.8
0.908,9.8
0.91,9.8
0.912,9.8
0.914,9.8
0.916,9.8
0.918,9.8
0.92,9.8
0.922,9.8
0.924,9.8
0.926,9.8
0.928,9.8
0.93,9.8
0.932,9.8
0.934,9.8
0.936,9.8
0.938,9.8
0.94,9.8
0.942,9.8
0.944,9.8
0.946,9.8
0.948,9.8
0.95,9.8
0.952,9.8
0.954,9.8
0.956,9.8
0.958,9.8
0.96,9.8
0.962,9.8
0.964,9.8
0.966,9.8
0.968,9.8
0.97,9.8
0.972,9.8
0.974,9.9
0.976,9.9
0.978,9.9
0.98,9.9
0.982,9.8
0.984,9.8
0.986,9.8
0.988,9.8
0.99,9.8
0.992,9.8
0.994,9.8
0.996,9.8
0.998,9.8
1,9.8
1.002,9.8
1.004,9.8
1.006,9.8
1.008,9.8
1.01,9.8
1.012,9.8
1.014,9.8
1.016,9.9
1.018,9.9
1.02,9.8
1.022,9.8
1.024,9.8
1.026,9.8
1.028,9.8
1.03,9.8
1.032,9.8
1.034,9.8
1.036,9.8
1.038,9.8
1.04,9.8
1.042,9.8
1.044,9.8
1.046,9.8
1.048,9.8
1.05,9.8
1.052,9.8
1.054,9.8
1.056,9.8
1.058,9.8
1.06,9.8
1.062,9.8
1.064,9.8
1.066,9.8
1.068,9.8
1.07,9.8
1.072,9.8
1.074,9.8
1.076,9.8
1.078,9.8
1.08,9.8
1.082,9.8
1.084,9.9
1.086,9.9
1.088,9.9
1.09,9.9
1.092,9.9
1.094,9.9
1.096,9.8
1.098,9.8
1.1,9.8
1.102,9.8
1.104,9.8
1.106,9.8
1.108,9.8
1.11,9.8
1.112,9.8
1.114,9.8
1.116,9.8
1.118,9.8
1.12,9.8
1.122,9.8
1.124,9.8
1.126,9.8
1.128,9.8
1.13,9.8
1.132,9.8
1.134,9.9
1.136,9.9
1.138,9.9
1.14,9.9
1.142,9.9
1.144,9.9
1.146,9.9
1.148,9.9
1.15,9.9
1.152,9.9
1.154,9.8
1.156,9.8
1.158,9.8
1.16,9.8
1.162,9.8
1.164,9.8
1.166,9.8
1.168,9.8
1.17,9.8
1.172,9.8
1.174,9.8
1.176,9.8
1.178,9.8
1.18,9.8
1.182,9.8
1.184,9.8
1.186,9.8
1.188,9.8
1.19,9.8
1.192,9.8
1.194,9.8
1.196,9.8
1.198,9.8
1.2,9.8
1.202,9.8
1.204,9.8
1.206,9.8
1.208,9.8
1.21,9.8
1.212,9.8
1.214,9.8
1.216,9.8
1.218,9.8
1.22,9.8
1.222,9.8
1.224,9.8
1.226,9.8
1.228,9.8
1.23,9.8
1.232,9.8
1.234,9.8
1.236,9.8
1.238,9.8
1.24,9.8
1.242,9.8
1.244,9.8
1.246,9.8
1.248,9.8
1.25,9.8
1.252,9.8
1.254,9.8
1.256,9.8
1.258,9.8
1.26,9.8
1.262,9.8
1.264,9.8
1.266,9.8
1.268,9.8
1.27,9.8
1.272,9.8
1.274,9.8
1.276,9.8
1.278,9.8
1.28,9.8
1.282,9.8
1.284,9.9
1.286,9.8
1.288,9.8
1.29,9.8
1.292,9.8
1.294,9.8
1.296,9.8
1.298,9.8
1.3,9.8
1.302,9.8
1.304,9.8
1.306,9.8
1.308,9.8
1.31,9.9
1.312,9.9
1.314,9.8
1.316,9.8
1.318,9.8
1.32,9.8
1.322,9.8
1.324,9.8
1.326,9.8
1.328,9.8
1.33,9.8
1.332,9.8
1.334,9.8
1.336,9.8
1.338,9.8
1.34,9.8
1.342,9.8
1.344,9.8
1.346,9.8
1.348,9.8
1.35,9.8
1.352,9.8
1.354,9.8
1.356,9.8
1.358,9.8
1.36,9.8
1.362,9.8
1.364,9.8
1.366,9.8
1.368,9.8
1.37,9.8
1.372,9.8
1.374,9.8
1.376,9.8
1.378,9.8
1.38,9.8
1.382,9.8
1.384,9.8
1.386,9.8
1.388,9.8
1.39,9.9
1.392,9.9
1.394,9.8
1.396,9.8
1.398,9.8
1.4,9.8
1.402,9.8
1.404,9.9
1.406,9.9
1.408,9.9
1.41,9.9
1.412,9.9
1.414,9.9
1.416,9.9
1.418,9.9
1.42,9.8
1.422,9.8
1.424,9.8
1.426,9.8
1.428,9.8
1.43,9.8
1.432,9.8
1.434,9.8
1.436,9.8
1.438,9.8
1.44,9.8
1.442,9.8
1.444,9.8
1.446,9.8
1.448,9.8
1.45,9.8
1.452,9.8
1.454,9.8
1.456,9.8
1.458,9.8
1.46,9.8
1.462,9.8
1.464,9.8
1.466,9.8
1.468,9.8
1.47,9.8
1.472,9.8
1.474,9.8
1.476,9.8
1.478,9.8
1.48,9.8
1.482,9.8
1.484,9.8
1.486,9.8
1.488,9.8
1.49,9.8
1.492,9.8
1.494,9.8
1.496,9.8
1.498,9.8
1.5,9.8
1.502,9.8
1.504,9.8
1.506,9.8
1.508,9.8
1.51,9.8
1.512,9.8
1.514,9.8
1.516,9.8
1.518,9.8
1.52,9.8
1.522,9.8
1.524,9.8
1.526,9.8
1.528,9.8
1.53,9.8
1.532,9.8
1.534,9.8
1.536,9.8
1.538,9.8
1.54,9.8
1.542,9.8
1.544,9.8
1.546,9.8
1.548,9.8
1.55,9.8
1.552,9.8
1.554,9.8
1.556,9.8
1.558,9.8
1.56,9.8
1.562,9.8
1.564,9.8
1.566,9.8
1.568,9.8
1.57,9.8
1.572,9.8
1.574,9.9
1.576,9.9
1.578,9.9
1.58,9.9
1.582,9.9
1.584,9.9
1.586,9.9
1.588,9.8
1.59,9.8
1.592,9.8
1.594,9.8
1.596,9.8
1.598,9.8
1.6,9.8
1.602,9.8
1.604,9.8
1.606,9.8
1.608,9.8
1.61,9.8
1.612,9.8
1.614,9.8
1.616,9.8
1.618,9.8
1.62,9.8
1.622,9.8
1.624,9.8
1.626,9.8
1.628,9.8
1.63,9.8
1.632,9.8
1.634,9.8
1.636,9.8
1.638,9.8
1.64,9.8
1.642,9.8
1.644,9.9
1.646,9.8
1.648,9.8
1.65,9.8
1.652,9.8
1.654,9.8
1.656,9.8
1.658,9.8
1.66,9.8
1.662,9.8
1.664,9.8
1.666,9.8
1.668,9.8
1.67,9.8
1.672,9.8
1.674,9.8
1.676,9.8
1.678,9.8
1.68,9.8
1.682,9.8
1.684,9.8
1.686,9.8
1.688,9.8
1.69,9.8
1.692,9.8
1.694,9.8
1.696,9.8
1.698,9.8
1.7,9.8
1.702,9.8
1.704,9.8
1.706,9.8
1.708,9.8
1.71,9.8
1.712,9.8
1.714,9.8
1.716,9.8
1.718,9.8
1.72,9.8
1.722,9.8
1.724,9.8
1.726,9.8
1.728,9.8
1.73,9.8
1.732,9.8
1.734,9.8
1.736,9.8
1.738,9.8
1.74,9.8
1.742,9.8
1.744,9.8
1.746,9.8
1.748,9.8
1.75,9.8
1.752,9.8
1.754,9.8
1.756,9.8
1.758,9.8
1.76,9.8
1.762,9.8
1.764,9.8
1.766,9.8
1.768,9.8
1.77,9.8
1.772,9.8
1.774,9.8
1.776,9.8
1.778,9.8
1.78,9.8
1.782,9.8
1.784,9.8
1.786,9.8
1.788,9.8
1.79,9.8
1.792,9.8
1.794,9.8
1.796,9.8
1.798,9.8
1.8,9.8
1.802,9.8
1.804,9.8
1.806,9.8
1.808,9.8
1.81,9.8
1.812,9.8
1.814,9.8
1.816,9.8
1.818,9.8
1.82,9.8
1.822,9.8
1.824,9.8
1.826,9.8
1.828,9.8
1.83,9.8
1.832,9.8
1.834,9.8
1.836,9.8
1.838,9.8
1.84,9.8
1.842,9.8
1.844,9.8
1.846,9.8
1.848,9.8
1.85,9.8
1.852,9.8
1.854,9.8
1.856,9.8
1.858,9.8
1.86,9.9
1.862,9.9
1.864,9.9
1.866,9.9
1.868,9.9
1.87,9.9
1.872,9.8
1.874,9.8
1.876,9.8
1.878,9.8
1.88,9.8
1.882,9.8
1.884,9.8
1.886,9.9
1.888,9.9
1.89,9.9
1.892,9.8
1.894,9.8
1.896,9.8
1.898,9.8
1.9,9.8
1.902,9.8
1.904,9.8
1.906,9.8
1.908,9.8
1.91,9.8
1.912,9.8
1.914,9.8
1.916,9.8
1.918,9.8
1.92,9.8
1.922,9.8
1.924,9.8
1.926,9.8
1.928,9.8
1.93,9.8
1.932,9.8
1.934,9.8
1.936,9.8
1.938,9.8
1.94,9.8
1.942,9.8
1.944,9.8
1.946,9.8
1.948,9.8
1.95,9.8
1.952,9.8
1.954,9.8
1.956,9.8
1.958,9.8
1.96,9.8
1.962,9.8
1.964,9.8
1.966,9.8
1.968,9.8
1.97,9.8
1.972,9.8
1.974,9.8
1.976,9.8
1.978,9.8
1.98,9.8
1.982,9.8
1.984,9.8
1.986,9.8
1.988,9.8
1.99,9.8
1.992,9.8
1.994,9.8
1.996,9.8
1.998,9.8
2,9.8
2.002,9.8
2.004,9.8
2.006,9.8
2.008,9.8
2.01,9.8
2.012,9.8
2.014,9.8
2.016,9.8
2.018,9.8
2.02,9.9
2.022,9.9
2.024,9.8
2.026,9.8
2.028,9.8
2.03,9.8
2.032,9.8
2.034,9.8
2.036,9.8
2.038,9.8
2.04,9.8
2.042,9.8
2.044,9.8
2.046,9.8
2.048,9.8
2.05,9.8
2.052,9.9
2.054,9.9
2.056,9.8
2.058,9.8
2.06,9.8
2.062,9.8
2.064,9.8
2.066,9.8
2.068,9.8
2.07,9.8
2.072,9.8
2.074,9.8
2.076,9.8
2.078,9.8
2.08,9.8
2.082,9.8
2.084,9.8
2.086,9.8
2.088,9.8
2.09,9.8
2.092,9.8
2.094,9.8
2.096,9.8
2.098,9.8
2.1,9.8
2.102,9.8
2.104,9.8
2.106,9.8
2.108,9.8
2.11,9.8
2.112,9.8
2.114,9.8
2.116,9.8
2.118,9.8
2.12,9.8
2.122,9.8
2.124,9.8
2.126,9.8
2.128,9.8
2.13,9.8
2.132,9.8
2.134,9.8
2.136,9.9
2.138,9.9
2.14,9.8
2.142,9.8
2.144,9.8
2.146,9.8
2.148,9.8
2.15,9.8
2.152,9.8
2.154,9.8
2.156,9.8
2.158,9.8
2.16,9.8
2.162,9.8
2.164,9.8
2.166,9.8
2.168,9.8
2.17,9.8
2.172,9.8
2.174,9.8
2.176,9.8
2.178,9.8
2.18,9.8
2.182,9.8
2.184,9.8
2.186,9.8
2.188,9.8
2.19,9.8
2.192,9.8
2.194,9.8
2.196,9.8
2.198,9.8
2.2,9.8
2.202,9.8
2.204,9.8
2.206,9.8
2.208,9.8
2.21,9.8
2.212,9.8
2.214,9.8
2.216,9.8
2.218,9.8
2.22,9.8
2.222,9.8
2.224,9.8
2.226,9.8
2.228,9.8
2.23,9.8
2.232,9.8
2.234,9.8
2.236,9.8
2.238,9.8
2.24,9.8
2.242,9.8
2.244,9.8
2.246,9.8
2.248,9.8
2.25,9.8
2.252,9.8
2.254,9.8
2.256,9.8
2.258,9.8
2.26,9.8
2.262,9.8
2.264,9.8
2.266,9.8
2.268,9.8
2.27,9.8
2.272,9.8
2.274,9.8
2.276,9.8
2.278,9.8
2.28,9.8
2.282,9.8
2.284,9.8
2.286,9.8
2.288,9.8
2.29,9.8
2.292,9.8
2.294,9.9
2.296,9.9
2.298,9.9
2.3,9.8
2.302,9.8
2.304,9.8
2.306,9.8
2.308,9.8
2.31,9.8
2.312,9.8
2.314,9.8
2.316,9.9
2.318,9.9
2.32,9.9
2.322,9.9
2.324,9.9
2.326,9.9
2.328,9.9
2.33,9.8
2.332,9.8
2.334,9.8
2.336,9.8
2.338,9.8
2.34,9.8
2.342,9.8
2.344,9.8
2.346,9.8
2.348,9.8
2.35,9.8
2.352,9.8
2.354,9.8
2.356,9.8
2.358,9.8
2.36,9.8
2.362,9.8
2.364,9.8
2.366,9.8
2.368,9.8
2.37,9.8
2.372,9.8
2.374,9.8
2.376,9.8
2.378,9.8
2.38,9.8
2.382,9.8
2.384,9.8
2.386,9.8
2.388,9.8
2.39,9.8
2.392,9.8
2.394,9.8
2.396,9.8
2.398,9.8
2.4,9.8
2.402,9.8
2.404,9.8
2.406,9.8
2.408,9.8
2.41,9.8
2.412,9.8
2.414,9.8
2.416,9.8
2.418,9.8
2.42,9.8
2.422,9.8
2.424,9.8
2.426,9.8
2.428,9.8
2.43,9.8
2.432,9.8
2.434,9.8
2.436,9.8
2.438,9.8
2.44,9.8
2.442,9.8
2.444,9.8
2.446,9.8
2.448,9.8
2.45,9.8
2.452,9.8
2.454,9.8
2.456,9.8
2.458,9.8
2.46,9.8
2.462,9.8
2.464,9.8
2.466,9.9
2.468,9.9
2.47,9.9
2.472,9.9
2.474,9.9
2.476,9.8
2.478,9.8
2.48,9.8
2.482,9.8
2.484,9.8
2.486,9.8
2.488,9.8
2.49,9.8
2.492,9.8
2.494,9.8
2.496,9.8
2.498,9.8
2.5,9.8
2.502,9.8
2.504,9.8
2.506,9.8
2.508,9.8
2.51,9.8
2.512,9.8
2.514,9.8
2.516,9.8
2.518,9.8
2.52,9.8
2.522,9.8
2.524,9.8
2.526,9.8
2.528,9.8
2.53,9.8
2.532,9.8
2.534,9.8
2.536,9.8
2.538,9.8
2.54,9.8
2.542,9.8
2.544,9.8
2.546,9.8
2.548,9.8
2.55,9.8
2.552,9.8
2.554,9.8
2.556,9.8
2.558,9.8
2.56,9.8
2.562,9.8
2.564,9.8
2.566,9.8
2.568,9.8
2.57,9.8
2.572,9.8
2.574,9.8
2.576,9.8
2.578,9.8
2.58,9.8
2.582,9.8
2.584,9.8
2.586,9.8
2.588,9.8
2.59,9.8
2.592,9.8
2.594,9.8
2.596,9.8
2.598,9.8
2.6,9.8
2.602,9.8
2.604,9.8
2.606,9.8
2.608,9.8
2.61,9.8
2.612,9.8
2.614,9.8
2.616,9.8
2.618,9.8
2.62,9.9
2.622,9.9
2.624,9.9
2.626,9.8
2.628,9.8
2.63,9.8
2.632,9.8
2.634,9.8
2.636,9.8
2.638,9.8
2.64,9.8
2.642,9.8
2.644,9.9
2.646,9.9
2.648,9.9
2.65,9.9
2.652,9.8
2.654,9.8
2.656,9.8
2.658,9.8
2.66,9.7
2.662,9.7
2.664,9.7
2.666,9.7
2.668,9.8
2.67,9.8
2.672,9.8
2.674,9.8
2.676,9.8
2.678,9.8
2.68,9.8
2.682,9.8
2.684,9.8
2.686,9.8
2.688,9.8
2.69,9.8
2.692,9.8
2.694,9.8
2.696,9.8
2.698,9.8
2.7,9.8
2.702,9.8
2.704,9.8
2.706,9.8
2.708,9.8
2.71,9.8
2.712,9.8
2.714,9.8
2.716,9.8
2.718,9.8
2.72,9.8
2.722,9.8
2.724,9.8
2.726,9.8
2.728,9.8
2.73,9.8
2.732,9.8
2.734,9.8
2.736,9.8
2.738,9.8
2.74,9.8
2.742,9.8
2.744,9.8
2.746,9.8
2.748,9.8
2.75,9.8
2.752,9.8
2.754,9.8
2.756,9.8
2.758,9.8
2.76,9.8
2.762,9.8
2.764,9.8
2.766,9.8
2.768,9.8
2.77,9.9
2.772,9.9
2.774,9.9
2.776,9.9
2.778,9.9
2.78,9.8
2.782,9.8
2.784,9.8
2.786,9.8
2.788,9.8
2.79,9.8
2.792,9.8
2.794,9.8
2.796,9.8
2.798,9.8
2.8,9.8
2.802,9.8
2.804,9.8
2.806,9.8
2.808,9.8
2.81,9.8
2.812,9.8
2.814,9.8
2.816,9.8
2.818,9.8
2.82,9.8
2.822,9.8
2.824,9.8
2.826,9.8
2.828,9.8
2.83,9.8
2.832,9.8
2.834,9.8
2.836,9.8
2.838,9.8
2.84,9.8
2.842,9.8
2.844,9.8
2.846,9.8
2.848,9.8
2.85,9.8
2.852,9.8
2.854,9.8
2.856,9.8
2.858,9.8
2.86,9.8
2.862,9.8
2.864,9.8
2.866,9.8
2.868,9.8
2.87,9.8
2.872,9.8
2.874,9.8
2.876,9.8
2.878,9.8
2.88,9.8
2.882,9.8
2.884,9.8
2.886,9.8
2.888,9.8
2.89,9.8
2.892,9.8
2.894,9.8
2.896,9.8
2.898,9.8
2.9,9.8
2.902,9.8
2.904,9.8
2.906,9.8
2.908,9.8
2.91,9.8
2.912,9.8
2.914,9.8
2.916,9.8
2.918,9.8
2.92,9.8
2.922,9.8
2.924,9.8
2.926,9.8
2.928,9.8
2.93,9.8
2.932,9.8
2.934,9.8
2.936,9.9
2.938,9.9
2.94,9.9
2.942,9.9
2.944,9.8
2.946,9.8
2.948,9.8
2.95,9.8
2.952,9.8
2.954,9.8
2.956,9.8
2.958,9.8
2.96,9.8
2.962,9.8
2.964,9.8
2.966,9.8
2.968,9.8
2.97,9.8
2.972,9.8
2.974,9.8
2.976,9.8
2.978,9.8
2.98,9.8
2.982,9.8
2.984,9.8
2.986,9.8
2.988,9.8
2.99,9.8
2.992,9.8
2.994,9.8
2.996,9.8
2.998,9.8
3,9.8
3.002,9.8
3.004,9.8
3.006,9.8
3.008,9.8
3.01,9.8
3.012,9.8
3.014,9.8
3.016,9.8
3.018,9.8
3.02,9.8
3.022,9.8
3.024,9.8
3.026,9.8
3.028,9.8
3.03,9.8
3.032,9.8
3.034,9.8
3.036,9.8
3.038,9.8
3.04,9.8
3.042,9.8
3.044,9.8
3.046,9.8
3.048,9.8
3.05,9.8
3.052,9.8
3.054,9.8
3.056,9.8
3.058,9.8
3.06,9.8
3.062,9.8
3.064,9.8
3.066,9.8
3.068,9.8
3.07,9.8
3.072,9.8
3.074,9.8
3.076,9.8
3.078,9.8
3.08,9.8
3.082,9.8
3.084,9.8
3.086,9.8
3.088,9.8
3.09,9.8
3.092,9.8
3.094,9.8
3.096,9.9
3.098,9.9
3.1,9.8
3.102,9.8
3.104,9.8
3.106,9.8
3.108,9.8
3.11,9.8
3.112,9.8
3.114,9.8
3.116,9.8
3.118,9.8
3.12,9.8
3.122,9.8
3.124,9.8
3.126,9.8
3.128,9.8
3.13,9.8
3.132,9.8
3.134,9.8
3.136,9.8
3.138,9.8
3.14,9.8
3.142,9.8
3.144,9.8
3.146,9.8
3.148,9.8
3.15,9.8
3.152,9.8
3.154,9.8
3.156,9.8
3.158,9.8
3.16,9.8
3.162,9.8
3.164,9.8
3.166,9.8
3.168,9.8
3.17,9.8
3.172,9.8
3.174,9.8
3.176,9.8
3.178,9.8
3.18,9.8
3.182,9.8
3.184,9.8
3.186,9.9
3.188,9.9
3.19,9.8
3.192,9.8
3.194,9.8
3.196,9.8
3.198,9.8
3.2,9.8
3.202,9.8
3.204,9.8
3.206,9.8
3.208,9.8
3.21,9.8
3.212,9.8
3.214,9.8
3.216,9.8
3.218,9.8
3.22,9.8
3.222,9.8
3.224,9.8
3.226,9.8
3.228,9.8
3.23,9.8
3.232,9.8
3.234,9.8
3.236,9.8
3.238,9.8
3.24,9.8
3.242,9.8
3.244,9.8
3.246,9.8
3.248,9.8
3.25,9.8
3.252,9.8
3.254,9.8
3.256,9.8
3.258,9.8
3.26,9.8
3.262,9.8
3.264,9.8
3.266,9.8
3.268,9.8
3.27,9.8
3.272,9.8
3.274,9.8
3.276,9.8
3.278,9.8
3.28,9.8
3.282,9.8
3.284,9.8
3.286,9.8
3.288,9.8
3.29,9.8
3.292,9.8
3.294,9.8
3.296,9.8
3.298,9.8
3.3,9.8
3.302,9.8
3.304,9.8
3.306,9.8
3.308,9.8
3.31,9.8
3.312,9.8
3.314,9.8
3.316,9.8
3.318,9.8
3.32,9.8
3.322,9.8
3.324,9.8
3.326,9.8
3.328,9.8
3.33,9.8
3.332,9.8
3.334,9.8
3.336,9.8
3.338,9.8
3.34,9.8
3.342,9.8
3.344,9.8
3.346,9.8
3.348,9.8
3.35,9.8
3.352,9.8
3.354,9.8
3.356,9.8
3.358,9.8
3.36,9.8
3.362,9.8
3.364,9.8
3.366,9.8
3.368,9.8
3.37,9.8
3.372,9.8
3.374,9.8
3.376,9.8
3.378,9.8
3.38,9.8
3.382,9.8
3.384,9.8
3.386,9.8
3.388,9.8
3.39,9.8
3.392,9.8
3.394,9.8
3.396,9.8
3.398,9.8
3.4,9.8
3.402,9.8
3.404,9.8
3.406,9.8
3.408,9.8
3.41,9.8
3.412,9.8
3.414,9.8
3.416,9.8
3.418,9.8
3.42,9.8
3.422,9.8
3.424,9.8
3.426,9.8
3.428,9.8
3.43,9.8
3.432,9.8
3.434,9.8
3.436,9.8
3.438,9.8
3.44,9.8
3.442,9.8
3.444,9.8
3.446,9.8
3.448,9.8
3.45,9.8
3.452,9.8
3.454,9.8
3.456,9.8
3.458,9.8
3.46,9.8
3.462,9.8
3.464,9.8
3.466,9.8
3.468,9.8
3.47,9.8
3.472,9.8
3.474,9.8
3.476,9.8
3.478,9.8
3.48,9.8
3.482,9.8
3.484,9.8
3.486,9.8
3.488,9.8
3.49,9.8
3.492,9.8
3.494,9.8
3.496,9.8
3.498,9.8
3.5,9.8
3.502,9.8
3.504,9.8
3.506,9.8
3.508,9.8
3.51,9.8
3.512,9.8
3.514,9.8
3.516,9.9
3.518,9.9
3.52,9.8
3.522,9.8
3.524,9.8
3.526,9.8
3.528,9.8
3.53,9.8
3.532,9.8
3.534,9.8
3.536,9.8
3.538,9.8
3.54,9.8
3.542,9.8
3.544,9.8
3.546,9.8
3.548,9.8
3.55,9.8
3.552,9.8
3.554,9.8
3.556,9.8
3.558,9.8
3.56,9.8
3.562,9.8
3.564,9.8
3.566,9.8
3.568,9.8
3.57,9.8
3.572,9.8
3.574,9.8
3.576,9.8
3.578,9.8
3.58,9.8
3.582,9.8
3.584,9.8
3.586,9.8
3.588,9.8
3.59,9.8
3.592,9.8
3.594,9.8
3.596,9.8
3.598,9.8
3.6,9.8
3.602,9.8
3.604,9.8
3.606,9.8
3.608,9.8
3.61,9.8
3.612,9.8
3.614,9.8
3.616,9.8
3.618,9.8
3.62,9.8
3.622,9.8
3.624,9.8
3.626,9.8
3.628,9.8
3.63,9.8
3.632,9.8
3.634,9.8
3.636,9.8
3.638,9.8
3.64,9.8
3.642,9.8
3.644,9.8
3.646,9.8
3.648,9.8
3.65,9.9
3.652,9.9
3.654,9.9
3.656,9.8
3.658,9.8
3.66,9.8
3.662,9.8
3.664,9.8
3.666,9.8
3.668,9.8
3.67,9.8
3.672,9.8
3.674,9.9
3.676,9.9
3.678,9.9
3.68,9.9
3.682,9.9
3.684,9.9
3.686,9.8
3.688,9.8
3.69,9.8
3.692,9.8
3.694,9.8
3.696,9.8
3.698,9.8
3.7,9.8
3.702,9.8
3.704,9.8
3.706,9.8
3.708,9.8
3.71,9.8
3.712,9.8
3.714,9.8
3.716,9.8
3.718,9.8
3.72,9.8
3.722,9.8
3.724,9.8
3.726,9.8
3.728,9.8
3.73,9.8
3.732,9.8
3.734,9.8
3.736,9.8
3.738,9.8
3.74,9.8
3.742,9.8
3.744,9.8
3.746,9.8
3.748,9.8
3.75,9.8
3.752,9.8
3.754,9.8
3.756,9.8
3.758,9.8
3.76,9.8
3.762,9.8
3.764,9.8
3.766,9.8
3.768,9.8
3.77,9.8
3.772,9.8
3.774,9.8
3.776,9.8
3.778,9.8
3.78,9.8
3.782,9.8
3.784,9.8
3.786,9.8
3.788,9.8
3.79,9.8
3.792,9.8
3.794,9.8
3.796,9.8
3.798,9.8
3.8,9.8
3.802,9.8
3.804,9.8
3.806,9.8
3.808,9.8
3.81,9.9
3.812,9.9
3.814,9.9
3.816,9.9
3.818,9.9
3.82,9.9
3.822,9.9
3.824,9.9
3.826,9.9
3.828,9.9
3.83,9.8
3.832,9.8
3.834,9.8
3.836,9.8
3.838,9.8
3.84,9.8
3.842,9.8
3.844,9.8
3.846,9.8
3.848,9.8
3.85,9.8
3.852,9.8
3.854,9.8
3.856,9.8
3.858,9.8
3.86,9.8
3.862,9.8
3.864,9.8
3.866,9.8
3.868,9.8
3.87,9.8
3.872,9.8
3.874,9.8
3.876,9.8
3.878,9.8
3.88,9.8
3.882,9.8
3.884,9.8
3.886,9.8
3.888,9.8
3.89,9.8
3.892,9.8
3.894,9.8
3.896,9.8
3.898,9.8
3.9,9.8
3.902,9.8
3.904,9.8
3.906,9.8
3.908,9.8
3.91,9.9
3.912,9.9
3.914,9.9
3.916,9.9
3.918,9.9
3.92,9.8
3.922,9.8
3.924,9.8
3.926,9.9
3.928,9.9
3.93,9.9
3.932,9.9
3.934,9.9
3.936,9.9
3.938,9.9
3.94,9.9
3.942,9.9
3.944,9.9
3.946,9.9
3.948,9.9
3.95,9.9
3.952,9.9
3.954,9.9
3.956,9.9
3.958,9.9
3.96,9.9
3.962,9.9
3.964,9.9
3.966,9.9
3.968,9.9
3.97,9.9
3.972,9.9
3.974,9.9
3.976,9.9
3.978,10
3.98,10
3.982,10
3.984,10
3.986,10
3.988,10
3.99,10
3.992,10
3.994,10
3.996,10
3.998,9.9
4,9.9
4.002,9.9
4.004,9.9
4.006,10
4.008,10
4.01,10
4.012,10
4.014,10
4.016,10
4.018,10
4.02,10
4.022,10
4.024,10
4.026,10
4.028,10
4.03,10
4.032,10
4.034,10
4.036,10
4.038,10
4.04,10
4.042,10
4.044,10
4.046,10.1
4.048,10.1
4.05,10.1
4.052,10.1
4.054,10.1
4.056,10.1
4.058,10.1
4.06,10.1
4.062,10.1
4.064,10.1
4.066,10.1
4.068,10.1
4.07,10.1
4.072,10.1
4.074,10.1
4.076,10.1
4.078,10.1
4.08,10.2
4.082,10.2
4.084,10.1
4.086,10.1
4.088,10.1
4.09,10.1
4.092,10.1
4.094,10.1
4.096,10.1
4.098,10.1
4.1,10.2
4.102,10.2
4.104,10.2
4.106,10.2
4.108,10.2
4.11,10.2
4.112,10.2
4.114,10.1
4.116,10.1
4.118,10.1
4.12,10.1
4.122,10.1
4.124,10.1
4.126,10.2
4.128,10.2
4.13,10.2
4.132,10.2
4.134,10.2
4.136,10.2
4.138,10.2
4.14,10.2
4.142,10.2
4.144,10.2
4.146,10.2
4.148,10.2
4.15,10.2
4.152,10.2
4.154,10.2
4.156,10.2
4.158,10.2
4.16,10.2
4.162,10.2
4.164,10.2
4.166,10.2
4.168,10.2
4.17,10.2
4.172,10.2
4.174,10.1
4.176,10.1
4.178,10.1
4.18,10.1
4.182,10.2
4.184,10.2
4.186,10.2
4.188,10.2
4.19,10.2
4.192,10.2
4.194,10.2
4.196,10.2
4.198,10.2
4.2,10.2
4.202,10.2
4.204,10.2
4.206,10.2
4.208,10.2
4.21,10.2
4.212,10.2
4.214,10.2
4.216,10.2
4.218,10.2
4.22,10.2
4.222,10.2
4.224,10.2
4.226,10.2
4.228,10.2
4.23,10.2
4.232,10.2
4.234,10.2
4.236,10.2
4.238,10.2
4.24,10.2
4.242,10.2
4.244,10.2
4.246,10.2
4.248,10.2
4.25,10.2
4.252,10.2
4.254,10.2
4.256,10.2
4.258,10.2
4.26,10.2
4.262,10.2
4.264,10.1
4.266,10.1
4.268,10.1
4.27,10.1
4.272,10.1
4.274,10.1
4.276,10.1
4.278,10.1
4.28,10.1
4.282,10.1
4.284,10.1
4.286,10.1
4.288,10.1
4.29,10.1
4.292,10.1
4.294,10.1
4.296,10.1
4.298,10.1
4.3,10.1
4.302,10.1
4.304,10.1
4.306,10.1
4.308,10.1
4.31,10.1
4.312,10.1
4.314,10.1
4.316,10.1
4.318,10.1
4.32,10.1
4.322,10.1
4.324,10.1
4.326,10.1
4.328,10.1
4.33,10.1
4.332,10.1
4.334,10.2
4.336,10.2
4.338,10.2
4.34,10.1
4.342,10.1
4.344,10.1
4.346,10.2
4.348,10.2
4.35,10.2
4.352,10.2
4.354,10.2
4.356,10.2
4.358,10.2
4.36,10.2
4.362,10.2
4.364,10.2
4.366,10.2
4.368,10.2
4.37,10.2
4.372,10.2
4.374,10.2
4.376,10.2
4.378,10.2
4.38,10.2
4.382,10.2
4.384,10.2
4.386,10.2
4.388,10.2
4.39,10.3
4.392,10.3
4.394,10.3
4.396,10.3
4.398,10.3
4.4,10.3
4.402,10.3
4.404,10.3
4.406,10.3
4.408,10.3
4.41,10.3
4.412,10.3
4.414,10.3
4.416,10.3
4.418,10.3
4.42,10.3
4.422,10.3
4.424,10.3
4.426,10.4
4.428,10.4
4.43,10.3
4.432,10.3
4.434,10.4
4.436,10.4
4.438,10.4
4.44,10.4
4.442,10.4
4.444,10.4
4.446,10.4
4.448,10.4
4.45,10.4
4.452,10.4
4.454,10.4
4.456,10.4
4.458,10.4
4.46,10.4
4.462,10.4
4.464,10.4
4.466,10.4
4.468,10.4
4.47,10.4
4.472,10.4
4.474,10.4
4.476,10.4
4.478,10.4
4.48,10.4
4.482,10.4
4.484,10.4
4.486,10.4
4.488,10.4
4.49,10.4
4.492,10.4
4.494,10.4
4.496,10.4
4.498,10.4
4.5,10.4
4.502,10.4
4.504,10.4
4.506,10.4
4.508,10.4
4.51,10.4
4.512,10.4
4.514,10.4
4.516,10.4
4.518,10.4
4.52,10.4
4.522,10.4
4.524,10.4
4.526,10.4
4.528,10.4
4.53,10.5
4.532,10.5
4.534,10.5
4.536,10.4
4.538,10.4
4.54,10.4
4.542,10.4
4.544,10.4
4.546,10.4
4.548,10.4
4.55,10.4
4.552,10.4
4.554,10.4
4.556,10.5
4.558,10.5
4.56,10.5
4.562,10.5
4.564,10.5
4.566,10.5
4.568,10.5
4.57,10.5
4.572,10.5
4.574,10.5
4.576,10.5
4.578,10.5
4.58,10.5
4.582,10.5
4.584,10.5
4.586,10.5
4.588,10.5
4.59,10.5
4.592,10.5
4.594,10.5
4.596,10.5
4.598,10.5
4.6,10.5
4.602,10.5
4.604,10.5
4.606,10.5
4.608,10.5
4.61,10.5
4.612,10.5
4.614,10.5
4.616,10.5
4.618,10.5
4.62,10.5
4.622,10.5
4.624,10.5
4.626,10.5
4.628,10.5
4.63,10.5
4.632,10.5
4.634,10.5
4.636,10.5
4.638,10.5
4.64,10.5
4.642,10.5
4.644,10.5
4.646,10.5
4.648,10.5
4.65,10.5
4.652,10.5
4.654,10.5
4.656,10.5
4.658,10.5
4.66,10.5
4.662,10.5
4.664,10.5
4.666,10.5
4.668,10.5
4.67,10.5
4.672,10.5
4.674,10.5
4.676,10.5
4.678,10.5
4.68,10.5
4.682,10.5
4.684,10.5
4.686,10.4
4.688,10.4
4.69,10.4
4.692,10.4
4.694,10.4
4.696,10.4
4.698,10.4
4.7,10.5
4.702,10.5
4.704,10.5
4.706,10.5
4.708,10.5
4.71,10.5
4.712,10.5
4.714,10.4
4.716,10.4
4.718,10.4
4.72,10.4
4.722,10.4
4.724,10.4
4.726,10.4
4.728,10.4
4.73,10.4
4.732,10.4
4.734,10.4
4.736,10.4
4.738,10.4
4.74,10.4
4.742,10.4
4.744,10.4
4.746,10.4
4.748,10.4
4.75,10.4
4.752,10.4
4.754,10.4
4.756,10.4
4.758,10.4
4.76,10.4
4.762,10.4
4.764,10.4
4.766,10.4
4.768,10.4
4.77,10.4
4.772,10.4
4.774,10.4
4.776,10.4
4.778,10.4
4.78,10.4
4.782,10.4
4.784,10.4
4.786,10.4
4.788,10.4
4.79,10.4
4.792,10.4
4.794,10.4
4.796,10.4
4.798,10.4
4.8,10.4
4.802,10.4
4.804,10.4
4.806,10.4
4.808,10.4
4.81,10.4
4.812,10.4
4.814,10.4
4.816,10.4
4.818,10.4
4.82,10.4
4.822,10.4
4.824,10.4
4.826,10.4
4.828,10.4
4.83,10.4
4.832,10.4
4.834,10.4
4.836,10.4
4.838,10.4
4.84,10.4
4.842,10.4
4.844,10.4
4.846,10.4
4.848,10.4
4.85,10.4
4.852,10.4
4.854,10.4
4.856,10.4
4.858,10.4
4.86,10.4
4.862,10.4
4.864,10.4
4.866,10.4
4.868,10.4
4.87,10.4
4.872,10.4
4.874,10.4
4.876,10.4
4.878,10.4
4.88,10.4
4.882,10.4
4.884,10.4
4.886,10.4
4.888,10.4
4.89,10.4
4.892,10.3
4.894,10.3
4.896,10.4
4.898,10.4
4.9,10.4
4.902,10.4
4.904,10.4
4.906,10.4
4.908,10.4
4.91,10.4
4.912,10.4
4.914,10.4
4.916,10.4
4.918,10.4
4.92,10.4
4.922,10.4
4.924,10.4
4.926,10.4
4.928,10.4
4.93,10.4
4.932,10.4
4.934,10.4
4.936,10.4
4.938,10.4
4.94,10.4
4.942,10.4
4.944,10.4
4.946,10.4
4.948,10.4
4.95,10.4
4.952,10.4
4.954,10.4
4.956,10.4
4.958,10.4
4.96,10.4
4.962,10.4
4.964,10.4
4.966,10.4
4.968,10.4
4.97,10.4
4.972,10.4
4.974,10.5
4.976,10.5
4.978,10.5
4.98,10.4
4.982,10.4
4.984,10.4
4.986,10.4
4.988,10.4
4.99,10.4
4.992,10.4
4.994,10.4
4.996,10.4
4.998,10.4
5,10.4
5.002,10.4
5.004,10.4
5.006,10.4
5.008,10.4
5.01,10.4
5.012,10.4
5.014,10.4
5.016,10.4
5.018,10.4
5.02,10.4
5.022,10.4
5.024,10.4
5.026,10.4
5.028,10.4
5.03,10.4
5.032,10.4
5.034,10.4
5.036,10.4
5.038,10.4
5.04,10.4
5.042,10.4
5.044,10.4
5.046,10.4
5.048,10.4
5.05,10.4
5.052,10.4
5.054,10.4
5.056,10.4
5.058,10.4
5.06,10.4
5.062,10.4
5.064,10.4
5.066,10.4
5.068,10.4
5.07,10.4
5.072,10.4
5.074,10.4
5.076,10.4
5.078,10.4
5.08,10.4
5.082,10.4
5.084,10.4
5.086,10.4
5.088,10.4
5.09,10.4
5.092,10.4
5.094,10.4
5.096,10.4
5.098,10.4
5.1,10.4
5.102,10.4
5.104,10.4
5.106,10.4
5.108,10.4
5.11,10.4
5.112,10.4
5.114,10.4
5.116,10.4
5.118,10.4
5.12,10.4
5.122,10.4
5.124,10.4
5.126,10.4
5.128,10.4
5.13,10.4
5.132,10.4
5.134,10.4
5.136,10.4
5.138,10.4
5.14,10.4
5.142,10.4
5.144,10.4
5.146,10.4
5.148,10.4
5.15,10.4
5.152,10.4
5.154,10.4
5.156,10.4
5.158,10.4
5.16,10.4
5.162,10.4
5.164,10.4
5.166,10.4
5.168,10.4
5.17,10.4
5.172,10.5
5.174,10.4
5.176,10.4
5.178,10.4
5.18,10.4
5.182,10.4
5.184,10.4
5.186,10.4
5.188,10.4
5.19,10.5
5.192,10.5
5.194,10.5
5.196,10.5
5.198,10.4
5.2,10.4
5.202,10.4
5.204,10.4
5.206,10.4
5.208,10.4
5.21,10.4
5.212,10.4
5.214,10.4
5.216,10.4
5.218,10.4
5.22,10.4
5.222,10.4
5.224,10.4
5.226,10.4
5.228,10.4
5.23,10.4
5.232,10.4
5.234,10.4
5.236,10.4
5.238,10.4
5.24,10.4
5.242,10.4
5.244,10.4
5.246,10.4
5.248,10.4
5.25,10.4
5.252,10.4
5.254,10.4
5.256,10.4
5.258,10.4
5.26,10.4
5.262,10.4
5.264,10.4
5.266,10.4
5.268,10.4
5.27,10.4
5.272,10.4
5.274,10.4
5.276,10.4
5.278,10.4
5.28,10.4
5.282,10.4
5.284,10.4
5.286,10.4
5.288,10.4
5.29,10.4
5.292,10.4
5.294,10.4
5.296,10.4
5.298,10.4
5.3,10.4
5.302,10.4
5.304,10.4
5.306,10.4
5.308,10.4
5.31,10.4
5.312,10.4
5.314,10.4
5.316,10.4
5.318,10.4
5.32,10.4
5.322,10.4
5.324,10.4
5.326,10.4
5.328,10.4
5.33,10.4
5.332,10.5
5.334,10.5
5.336,10.4
5.338,10.4
5.34,10.4
5.342,10.4
5.344,10.4
5.346,10.4
5.348,10.4
5.35,10.4
5.352,10.5
5.354,10.5
5.356,10.5
5.358,10.5
5.36,10.4
5.362,10.4
5.364,10.4
5.366,10.4
5.368,10.4
5.37,10.4
5.372,10.4
5.374,10.4
5.376,10.4
5.378,10.4
5.38,10.4
5.382,10.4
5.384,10.4
5.386,10.4
5.388,10.4
5.39,10.4
5.392,10.4
5.394,10.4
5.396,10.5
5.398,10.5
5.4,10.4
5.402,10.4
5.404,10.4
5.406,10.4
5.408,10.4
5.41,10.4
5.412,10.4
5.414,10.4
5.416,10.5
5.418,10.5
5.42,10.4
5.422,10.4
5.424,10.4
5.426,10.4
5.428,10.4
5.43,10.4
5.432,10.5
5.434,10.5
5.436,10.5
5.438,10.5
5.44,10.4
5.442,10.4
5.444,10.4
5.446,10.4
5.448,10.4
5.45,10.4
5.452,10.4
5.454,10.4
5.456,10.4
5.458,10.4
5.46,10.4
5.462,10.4
5.464,10.4
5.466,10.5
5.468,10.5
5.47,10.4
5.472,10.4
5.474,10.4
5.476,10.4
5.478,10.4
5.48,10.4
5.482,10.4
5.484,10.4
5.486,10.5
5.488,10.5
5.49,10.4
5.492,10.4
5.494,10.4
5.496,10.4
5.498,10.4
5.5,10.4
5.502,10.4
5.504,10.4
5.506,10.4
5.508,10.4
5.51,10.4
5.512,10.4
5.514,10.4
5.516,10.5
5.518,10.5
5.52,10.4
5.522,10.4
5.524,10.4
5.526,10.4
5.528,10.4
5.53,10.4
5.532,10.4
5.534,10.4
5.536,10.4
5.538,10.4
5.54,10.4
5.542,10.4
5.544,10.4
5.546,10.4
5.548,10.4
5.55,10.4
5.552,10.4
5.554,10.4
5.556,10.4
5.558,10.4
5.56,10.4
5.562,10.4
5.564,10.4
5.566,10.4
5.568,10.4
5.57,10.4
5.572,10.4
5.574,10.4
5.576,10.4
5.578,10.4
5.58,10.4
5.582,10.4
5.584,10.4
5.586,10.4
5.588,10.4
5.59,10.4
5.592,10.4
5.594,10.4
5.596,10.5
5.598,10.5
5.6,10.5
5.602,10.5
5.604,10.5
5.606,10.5
5.608,10.5
5.61,10.5
5.612,10.5
5.614,10.5
5.616,10.5
5.618,10.5
5.62,10.5
5.622,10.4
5.624,10.5
5.626,10.5
5.628,10.5
5.63,10.5
5.632,10.5
5.634,10.5
5.636,10.4
5.638,10.4
5.64,10.4
5.642,10.4
5.644,10.4
5.646,10.4
5.648,10.4
5.65,10.4
5.652,10.4
5.654,10.4
5.656,10.4
5.658,10.4
5.66,10.4
5.662,10.4
5.664,10.4
5.666,10.4
5.668,10.4
5.67,10.4
5.672,10.4
5.674,10.4
5.676,10.4
5.678,10.4
5.68,10.4
5.682,10.4
5.684,10.4
5.686,10.4
5.688,10.4
5.69,10.4
5.692,10.4
5.694,10.4
5.696,10.4
5.698,10.4
5.7,10.4
5.702,10.4
5.704,10.4
5.706,10.4
5.708,10.4
5.71,10.4
5.712,10.4
5.714,10.4
5.716,10.4
5.718,10.4
5.72,10.4
5.722,10.4
5.724,10.4
5.726,10.4
5.728,10.4
5.73,10.4
5.732,10.4
5.734,10.4
5.736,10.4
5.738,10.4
5.74,10.4
5.742,10.4
5.744,10.4
5.746,10.4
5.748,10.4
5.75,10.4
5.752,10.4
5.754,10.4
5.756,10.4
5.758,10.4
5.76,10.4
5.762,10.4
5.764,10.4
5.766,10.5
5.768,10.5
5.77,10.4
5.772,10.4
5.774,10.4
5.776,10.4
5.778,10.4
5.78,10.4
5.782,10.4
5.784,10.4
5.786,10.4
5.788,10.4
5.79,10.4
5.792,10.4
5.794,10.4
5.796,10.4
5.798,10.4
5.8,10.4
5.802,10.4
5.804,10.4
5.806,10.4
5.808,10.4
5.81,10.4
5.812,10.4
5.814,10.4
5.816,10.4
5.818,10.4
5.82,10.4
5.822,10.4
5.824,10.4
5.826,10.4
5.828,10.4
5.83,10.4
5.832,10.4
5.834,10.4
5.836,10.4
5.838,10.4
5.84,10.4
5.842,10.4
5.844,10.4
5.846,10.4
5.848,10.4
5.85,10.4
5.852,10.4
5.854,10.4
5.856,10.4
5.858,10.4
5.86,10.4
5.862,10.4
5.864,10.4
5.866,10.4
5.868,10.4
5.87,10.4
5.872,10.4
5.874,10.4
5.876,10.4
5.878,10.4
5.88,10.4
5.882,10.4
5.884,10.4
5.886,10.4
5.888,10.4
5.89,10.4
5.892,10.4
5.894,10.4
5.896,10.4
5.898,10.4
5.9,10.4
5.902,10.4
5.904,10.4
5.906,10.4
5.908,10.4
5.91,10.4
5.912,10.4
5.914,10.4
5.916,10.4
5.918,10.4
5.92,10.4
5.922,10.4
5.924,10.4
5.926,10.4
5.928,10.4
5.93,10.4
5.932,10.4
5.934,10.4
5.936,10.4
5.938,10.4
5.94,10.4
5.942,10.4
5.944,10.5
5.946,10.5
5.948,10.5
5.95,10.4
5.952,10.4
5.954,10.4
5.956,10.4
5.958,10.4
5.96,10.4
5.962,10.4
5.964,10.4
5.966,10.4
5.968,10.4
5.97,10.4
5.972,10.4
5.974,10.4
5.976,10.4
5.978,10.4
5.98,10.4
5.982,10.4
5.984,10.4
5.986,10.4
5.988,10.4
5.99,10.4
5.992,10.4
5.994,10.4
5.996,10.4
5.998,10.4
6,10.4
6.002,10.4
6.004,10.5
6.006,10.5
6.008,10.5
6.01,10.4
6.012,10.4
6.014,10.4
6.016,10.4
6.018,10.4
6.02,10.5
6.022,10.5
6.024,10.5
6.026,10.4
6.028,10.4
6.03,10.4
6.032,10.4
6.034,10.5
6.036,10.5
6.038,10.5
6.04,10.5
6.042,10.5
6.044,10.4
6.046,10.4
6.048,10.4
6.05,10.4
6.052,10.4
6.054,10.4
6.056,10.4
6.058,10.4
6.06,10.4
6.062,10.4
6.064,10.4
6.066,10.4
6.068,10.4
6.07,10.4
6.072,10.4
6.074,10.4
6.076,10.4
6.078,10.4
6.08,10.4
6.082,10.4
6.084,10.4
6.086,10.4
6.088,10.4
6.09,10.4
6.092,10.4
6.094,10.4
6.096,10.4
6.098,10.4
6.1,10.4
6.102,10.4
6.104,10.4
6.106,10.4
6.108,10.4
6.11,10.4
6.112,10.4
6.114,10.4
6.116,10.4
6.118,10.4
6.12,10.4
6.122,10.4
6.124,10.4
6.126,10.4
6.128,10.4
6.13,10.4
6.132,10.4
6.134,10.4
6.136,10.4
6.138,10.4
6.14,10.4
6.142,10.4
6.144,10.4
6.146,10.5
6.148,10.5
6.15,10.4
6.152,10.4
6.154,10.4
6.156,10.4
6.158,10.4
6.16,10.4
6.162,10.4
6.164,10.4
6.166,10.4
6.168,10.4
6.17,10.4
6.172,10.4
6.174,10.4
6.176,10.4
6.178,10.4
6.18,10.4
6.182,10.4
6.184,10.4
6.186,10.4
6.188,10.4
6.19,10.4
6.192,10.4
6.194,10.4
6.196,10.4
6.198,10.4
6.2,10.4
6.202,10.4
6.204,10.4
6.206,10.5
6.208,10.5
6.21,10.4
6.212,10.4
6.214,10.4
6.216,10.4
6.218,10.4
6.22,10.4
6.222,10.4
6.224,10.4
6.226,10.4
6.228,10.4
6.23,10.4
6.232,10.4
6.234,10.4
6.236,10.4
6.238,10.4
6.24,10.4
6.242,10.4
6.244,10.4
6.246,10.4
6.248,10.4
6.25,10.4
6.252,10.4
6.254,10.4
6.256,10.4
6.258,10.4
6.26,10.4
6.262,10.4
6.264,10.4
6.266,10.4
6.268,10.4
6.27,10.4
6.272,10.4
6.274,10.4
6.276,10.5
6.278,10.5
6.28,10.5
6.282,10.5
6.284,10.4
6.286,10.4
6.288,10.4
6.29,10.4
6.292,10.4
6.294,10.4
6.296,10.4
6.298,10.4
6.3,10.4
6.302,10.4
6.304,10.4
6.306,10.4
6.308,10.4
6.31,10.4
6.312,10.4
6.314,10.4
6.316,10.4
6.318,10.4
6.32,10.4
6.322,10.4
6.324,10.4
6.326,10.4
6.328,10.4
6.33,10.4
6.332,10.4
6.334,10.5
6.336,10.5
6.338,10.5
6.34,10.4
6.342,10.4
6.344,10.4
6.346,10.4
6.348,10.4
6.35,10.4
6.352,10.4
6.354,10.4
6.356,10.4
6.358,10.4
6.36,10.4
6.362,10.5
6.364,10.5
6.366,10.5
6.368,10.5
6.37,10.5
6.372,10.5
6.374,10.5
6.376,10.4
6.378,10.4
6.38,10.4
6.382,10.4
6.384,10.4
6.386,10.4
6.388,10.4
6.39,10.4
6.392,10.4
6.394,10.4
6.396,10.4
6.398,10.4
6.4,10.4
6.402,10.4
6.404,10.5
6.406,10.5
6.408,10.5
6.41,10.5
6.412,10.5
6.414,10.4
6.416,10.4
6.418,10.4
6.42,10.4
6.422,10.4
6.424,10.5
6.426,10.5
6.428,10.5
6.43,10.5
6.432,10.5
6.434,10.4
6.436,10.4
6.438,10.4
6.44,10.4
6.442,10.4
6.444,10.4
6.446,10.4
6.448,10.4
6.45,10.4
6.452,10.4
6.454,10.4
6.456,10.4
6.458,10.4
6.46,10.4
6.462,10.4
6.464,10.4
6.466,10.4
6.468,10.4
6.47,10.4
6.472,10.4
6.474,10.5
6.476,10.5
6.478,10.5
6.48,10.4
6.482,10.4
6.484,10.4
6.486,10.4
6.488,10.4
6.49,10.4
6.492,10.4
6.494,10.4
6.496,10.4
6.498,10.4
6.5,10.4
6.502,10.4
6.504,10.4
6.506,10.4
6.508,10.4
6.51,10.4
6.512,10.4
6.514,10.5
6.516,10.5
6.518,10.5
6.52,10.4
6.522,10.4
6.524,10.4
6.526,10.4
6.528,10.4
6.53,10.4
6.532,10.4
6.534,10.4
6.536,10.4
6.538,10.4
6.54,10.4
6.542,10.4
6.544,10.4
6.546,10.4
6.548,10.4
6.55,10.4
6.552,10.4
6.554,10.4
6.556,10.4
6.558,10.4
6.56,10.4
6.562,10.4
6.564,10.4
6.566,10.4
6.568,10.4
6.57,10.3
6.572,10.3
6.574,10.3
6.576,10.3
6.578,10.3
6.58,10.3
6.582,10.3
6.584,10.3
6.586,10.3
6.588,10.3
6.59,10.4
6.592,10.4
6.594,10.4
6.596,10.4
6.598,10.4
6.6,10.4
6.602,10.4
6.604,10.4
6.606,10.3
6.608,10.3
6.61,10.3
6.612,10.3
6.614,10.3
6.616,10.3
6.618,10.3
6.62,10.4
6.622,10.4
6.624,10.4
6.626,10.4
6.628,10.3
6.63,10.3
6.632,10.3
6.634,10.3
6.636,10.3
6.638,10.3
6.64,10.3
6.642,10.3
6.644,10.3
6.646,10.3
6.648,10.3
6.65,10.3
6.652,10.3
6.654,10.3
6.656,10.3
6.658,10.3
6.66,10.3
6.662,10.3
6.664,10.3
6.666,10.3
6.668,10.3
6.67,10.3
6.672,10.3
6.674,10.3
6.676,10.3
6.678,10.3
6.68,10.3
6.682,10.3
6.684,10.3
6.686,10.3
6.688,10.3
6.69,10.3
6.692,10.3
6.694,10.3
6.696,10.3
6.698,10.3
6.7,10.3
6.702,10.3
6.704,10.3
6.706,10.3
6.708,10.3
6.71,10.3
6.712,10.3
6.714,10.3
6.716,10.3
6.718,10.3
6.72,10.3
6.722,10.3
6.724,10.3
6.726,10.3
6.728,10.3
6.73,10.3
6.732,10.3
6.734,10.3
6.736,10.3
6.738,10.3
6.74,10.3
6.742,10.3
6.744,10.3
6.746,10.3
6.748,10.3
6.75,10.3
6.752,10.3
6.754,10.3
6.756,10.3
6.758,10.2
6.76,10.3
6.762,10.3
6.764,10.2
6.766,10.2
6.768,10.2
6.77,10.2
6.772,10.2
6.774,10.2
6.776,10.2
6.778,10.2
6.78,10.2
6.782,10.2
6.784,10.2
6.786,10.2
6.788,10.2
6.79,10.2
6.792,10.2
6.794,10.2
6.796,10.1
6.798,10.1
6.8,10.1
6.802,10.1
6.804,10.1
6.806,10.1
6.808,10.1
6.81,10.1
6.812,10.1
6.814,10.1
6.816,10.1
6.818,10.1
6.82,10.1
6.822,10.1
6.824,10.1
6.826,10.1
6.828,10.1
6.83,10.1
6.832,10.1
6.834,10.1
6.836,10.1
6.838,10.1
6.84,10.1
6.842,10.1
6.844,10.1
6.846,10.1
6.848,10.1
6.85,10.1
6.852,10.1
6.854,10.1
6.856,10.1
6.858,10.1
6.86,10.1
6.862,10.1
6.864,10.1
6.866,10.2
6.868,10.2
6.87,10.2
6.872,10.2
6.874,10.2
6.876,10.2
6.878,10.2
6.88,10.2
6.882,10.2
6.884,10.2
6.886,10.2
6.888,10.2
6.89,10.2
6.892,10.2
6.894,10.2
6.896,10.2
6.898,10.2
6.9,10.2
6.902,10.2
6.904,10.2
6.906,10.2
6.908,10.2
6.91,10.2
6.912,10.2
6.914,10.2
6.916,10.2
6.918,10.2
6.92,10.1
6.922,10.1
6.924,10.1
6.926,10.1
6.928,10.1
6.93,10.1
6.932,10.1
6.934,10.1
6.936,10.1
6.938,10.1
6.94,10
6.942,10
6.944,10
6.946,10
6.948,10
6.95,10
6.952,10
6.954,10
6.956,10.1
6.958,10.1
6.96,10.1
6.962,10.1
6.964,10
6.966,10
6.968,10
6.97,10
6.972,10
6.974,9.9
6.976,9.9
6.978,9.9
6.98,9.9
6.982,9.9
6.984,9.9
6.986,9.9
6.988,9.9
6.99,9.9
6.992,9.9
6.994,9.9
6.996,9.9
6.998,9.9
7,9.9
7.002,9.9
7.004,9.9
7.006,9.9
7.008,9.9
7.01,9.9
7.012,9.9
7.014,9.9
7.016,9.9
7.018,9.9
7.02,9.9
7.022,9.9
7.024,9.9
7.026,9.9
7.028,9.9
7.03,9.9
7.032,9.9
7.034,10
7.036,10
7.038,10
7.04,10
7.042,10
7.044,10
7.046,10
7.048,10
7.05,9.9
7.052,9.9
7.054,9.9
7.056,9.9
7.058,9.9
7.06,9.9
7.062,9.9
7.064,9.9
7.066,9.9
7.068,9.9
7.07,9.9
7.072,9.9
7.074,10
7.076,10
7.078,10
7.08,10
7.082,10
7.084,10
7.086,9.9
7.088,9.9
7.09,9.9
7.092,9.9
7.094,9.9
7.096,9.9
7.098,9.9
7.1,9.9
7.102,9.9
7.104,9.9
7.106,9.9
7.108,9.9
7.11,9.9
7.112,9.9
7.114,9.9
7.116,9.9
7.118,9.9
7.12,9.9
7.122,9.9
7.124,9.9
7.126,9.9
7.128,9.9
7.13,9.9
7.132,9.9
7.134,9.9
7.136,9.9
7.138,9.9
7.14,9.8
7.142,9.8
7.144,9.8
7.146,9.8
7.148,9.8
7.15,9.8
7.152,9.8
7.154,9.8
7.156,9.8
7.158,9.8
7.16,9.8
7.162,9.8
7.164,9.8
7.166,9.8
7.168,9.8
7.17,9.8
7.172,9.8
7.174,9.7
7.176,9.7
7.178,9.7
7.18,9.8
7.182,9.8
7.184,9.8
7.186,9.8
7.188,9.8
7.19,9.8
7.192,9.8
7.194,9.8
7.196,9.8
7.198,9.8
7.2,9.8
7.202,9.8
7.204,9.8
7.206,9.7
7.208,9.7
7.21,9.8
7.212,9.8
7.214,9.8
7.216,9.8
7.218,9.8
7.22,9.8
7.222,9.8
7.224,9.8
7.226,9.8
7.228,9.8
7.23,9.8
7.232,9.8
7.234,9.8
7.236,9.8
7.238,9.8
7.24,9.8
7.242,9.8
7.244,9.7
7.246,9.7
7.248,9.7
7.25,9.8
7.252,9.8
7.254,9.8
7.256,9.8
7.258,9.8
7.26,9.8
7.262,9.8
7.264,9.8
7.266,9.8
7.268,9.8
7.27,9.8
7.272,9.8
7.274,9.8
7.276,9.8
7.278,9.8
7.28,9.8
7.282,9.8
7.284,9.8
7.286,9.8
7.288,9.8
7.29,9.8
7.292,9.8
7.294,9.8
7.296,9.8
7.298,9.8
7.3,9.8
7.302,9.8
7.304,9.8
7.306,9.8
7.308,9.8
7.31,9.8
7.312,9.8
7.314,9.8
7.316,9.8
7.318,9.8
7.32,9.9
7.322,9.9
7.324,9.9
7.326,9.9
7.328,9.9
7.33,9.8
7.332,9.8
7.334,9.8
7.336,9.8
7.338,9.8
7.34,9.8
7.342,9.8
7.344,9.8
7.346,9.8
7.348,9.8
7.35,9.8
7.352,9.8
7.354,9.8
7.356,9.8
7.358,9.8
7.36,9.8
7.362,9.8
7.364,9.8
7.366,9.8
7.368,9.8
7.37,9.8
7.372,9.7
7.374,9.7
7.376,9.7
7.378,9.7
7.38,9.7
7.382,9.7
7.384,9.7
7.386,9.7
7.388,9.7
7.39,9.7
7.392,9.7
7.394,9.7
7.396,9.7
7.398,9.7
7.4,9.7
7.402,9.7
7.404,9.7
7.406,9.7
7.408,9.7
7.41,9.7
7.412,9.7
7.414,9.7
7.416,9.7
7.418,9.7
7.42,9.7
7.422,9.7
7.424,9.7
7.426,9.7
7.428,9.7
7.43,9.7
7.432,9.7
7.434,9.7
7.436,9.7
7.438,9.7
7.44,9.7
7.442,9.7
7.444,9.7
7.446,9.7
7.448,9.7
7.45,9.7
7.452,9.7
7.454,9.7
7.456,9.8
7.458,9.8
7.46,9.8
7.462,9.8
7.464,9.8
7.466,9.8
7.468,9.8
7.47,9.8
7.472,9.8
7.474,9.8
7.476,9.8
7.478,9.8
7.48,9.8
7.482,9.8
7.484,9.8
7.486,9.8
7.488,9.8
7.49,9.8
7.492,9.8
7.494,9.8
7.496,9.8
7.498,9.8
7.5,9.8
7.502,9.9
7.504,9.9
7.506,9.8
7.508,9.8
7.51,9.8
7.512,9.8
7.514,9.8
7.516,9.8
7.518,9.8
7.52,9.8
7.522,9.8
7.524,9.8
7.526,9.8
7.528,9.8
7.53,9.8
7.532,9.8
7.534,9.8
7.536,9.9
7.538,9.9
7.54,9.9
7.542,9.9
7.544,9.9
7.546,9.9
7.548,9.9
7.55,9.9
7.552,9.9
7.554,9.9
7.556,9.9
7.558,9.9
7.56,9.9
7.562,9.9
7.564,9.8
7.566,9.8
7.568,9.8
7.57,9.8
7.572,9.8
7.574,9.8
7.576,9.9
7.578,9.9
7.58,9.8
7.582,9.8
7.584,9.8
7.586,9.8
7.588,9.8
7.59,9.8
7.592,9.8
7.594,9.8
7.596,9.8
7.598,9.8
7.6,9.8
7.602,9.8
7.604,9.8
7.606,9.8
7.608,9.8
7.61,9.8
7.612,9.8
7.614,9.8
7.616,9.8
7.618,9.8
7.62,9.8
7.622,9.8
7.624,9.8
7.626,9.8
7.628,9.8
7.63,9.8
7.632,9.8
7.634,9.8
7.636,9.8
7.638,9.8
7.64,9.8
7.642,9.8
7.644,9.8
7.646,9.8
7.648,9.8
7.65,9.8
7.652,9.9
7.654,9.9
7.656,9.9
7.658,9.9
7.66,9.9
7.662,9.9
7.664,9.9
7.666,9.9
7.668,9.9
7.67,9.8
7.672,9.8
7.674,9.8
7.676,9.8
7.678,9.8
7.68,9.8
7.682,9.8
7.684,9.8
7.686,9.8
7.688,9.8
7.69,9.9
7.692,9.9
7.694,9.9
7.696,9.9
7.698,9.9
7.7,9.9
7.702,9.9
7.704,9.8
7.706,9.8
7.708,9.8
7.71,9.8
7.712,9.8
7.714,9.8
7.716,9.8
7.718,9.8
7.72,9.8
7.722,9.8
7.724,9.9
7.726,9.9
7.728,9.8
7.73,9.8
7.732,9.9
7.734,9.9
7.736,9.9
7.738,9.9
7.74,9.9
7.742,9.9
7.744,9.9
7.746,9.9
7.748,9.9
7.75,9.9
7.752,9.9
7.754,9.9
7.756,9.9
7.758,9.9
7.76,9.9
7.762,9.9
7.764,9.9
7.766,9.9
7.768,9.9
7.77,9.9
7.772,9.9
7.774,9.9
7.776,9.9
7.778,9.9
7.78,9.9
7.782,9.9
7.784,9.9
7.786,9.9
7.788,9.9
7.79,9.9
7.792,9.9
7.794,9.9
7.796,9.9
7.798,9.9
7.8,9.9
7.802,9.9
7.804,9.9
7.806,9.9
7.808,9.9
7.81,9.9
7.812,9.9
7.814,9.9
7.816,9.9
7.818,9.9
7.82,9.9
7.822,9.9
7.824,9.9
7.826,9.9
7.828,9.9
7.83,9.9
7.832,9.9
7.834,9.9
7.836,9.9
7.838,9.9
7.84,9.8
7.842,9.8
7.844,9.8
7.846,9.8
7.848,9.8
7.85,9.8
7.852,9.8
7.854,9.8
7.856,9.8
7.858,9.8
7.86,9.8
7.862,9.8
7.864,9.8
7.866,9.8
7.868,9.8
7.87,9.8
7.872,9.8
7.874,9.8
7.876,9.8
7.878,9.8
7.88,9.8
7.882,9.8
7.884,9.8
7.886,9.8
7.888,9.8
7.89,9.8
7.892,9.8
7.894,9.8
7.896,9.8
7.898,9.8
7.9,9.8
7.902,9.8
7.904,9.8
7.906,9.8
7.908,9.8
7.91,9.8
7.912,9.8
7.914,9.8
7.916,9.8
7.918,9.8
7.92,9.8
7.922,9.8
7.924,9.8
7.926,9.8
7.928,9.8
7.93,9.8
7.932,9.8
7.934,9.8
7.936,9.8
7.938,9.8
7.94,9.8
7.942,9.8
7.944,9.8
7.946,9.7
7.948,9.7
7.95,9.8
7.952,9.8
7.954,9.8
7.956,9.8
7.958,9.8
7.96,9.8
7.962,9.8
7.964,9.8
7.966,9.8
7.968,9.8
7.97,9.8
7.972,9.9
7.974,9.8
7.976,9.8
7.978,9.8
7.98,9.8
7.982,9.8
7.984,9.8
7.986,9.8
7.988,9.8
7.99,9.8
7.992,9.8
7.994,9.8
7.996,9.8
7.998,9.8
8,9.8
8.002,9.8
8.004,9.8
8.006,9.9
8.008,9.9
8.01,9.9
8.012,9.9
8.014,9.9
8.016,9.9
8.018,9.9
8.02,9.9
8.022,9.9
8.024,9.9
8.026,9.9
8.028,9.9
8.03,9.9
8.032,9.9
8.034,9.8
8.036,9.8
8.038,9.8
8.04,9.8
8.042,9.8
8.044,9.8
8.046,9.8
8.048,9.8
8.05,9.8
8.052,9.8
8.054,9.9
8.056,9.9
8.058,9.9
8.06,9.8
8.062,9.8
8.064,9.8
8.066,9.8
8.068,9.8
8.07,9.8
8.072,9.8
8.074,9.8
8.076,9.8
8.078,9.8
8.08,9.8
8.082,9.8
8.084,9.8
8.086,9.8
8.088,9.8
8.09,9.8
8.092,9.8
8.094,9.8
8.096,9.8
8.098,9.8
8.1,9.8
8.102,9.8
8.104,9.8
8.106,9.8
8.108,9.8
8.11,9.8
8.112,9.8
8.114,9.8
8.116,9.8
8.118,9.8
8.12,9.8
8.122,9.8
8.124,9.8
8.126,9.8
8.128,9.8
8.13,9.8
8.132,9.8
8.134,9.8
8.136,9.8
8.138,9.8
8.14,9.8
8.142,9.8
8.144,9.8
8.146,9.8
8.148,9.8
8.15,9.8
8.152,9.8
8.154,9.8
8.156,9.8
8.158,9.8
8.16,9.8
8.162,9.8
8.164,9.8
8.166,9.8
8.168,9.8
8.17,9.8
8.172,9.8
8.174,9.8
8.176,9.8
8.178,9.8
8.18,9.8
8.182,9.8
8.184,9.8
8.186,9.8
8.188,9.8
8.19,9.8
8.192,9.8
8.194,9.7
8.196,9.8
8.198,9.8
8.2,9.8
8.202,9.8
8.204,9.8
8.206,9.8
8.208,9.8
8.21,9.8
8.212,9.8
8.214,9.7
8.216,9.7
8.218,9.7
8.22,9.7
8.222,9.7
8.224,9.7
8.226,9.7
8.228,9.7
8.23,9.8
8.232,9.8
8.234,9.8
8.236,9.8
8.238,9.8
8.24,9.8
8.242,9.8
8.244,9.7
8.246,9.7
8.248,9.7
8.25,9.8
8.252,9.8
8.254,9.8
8.256,9.8
8.258,9.8
8.26,9.8
8.262,9.8
8.264,9.8
8.266,9.7
8.268,9.7
8.27,9.8
8.272,9.8
8.274,9.8
8.276,9.8
8.278,9.8
8.28,9.8
8.282,9.8
8.284,9.8
8.286,9.8
8.288,9.8
8.29,9.8
8.292,9.8
8.294,9.8
8.296,9.8
8.298,9.8
8.3,9.8
8.302,9.8
8.304,9.8
8.306,9.8
8.308,9.8
8.31,9.8
8.312,9.8
8.314,9.8
8.316,9.8
8.318,9.8
8.32,9.8
8.322,9.8
8.324,9.8
8.326,9.8
8.328,9.8
8.33,9.8
8.332,9.8
8.334,9.7
8.336,9.7
8.338,9.7
8.34,9.7
8.342,9.7
8.344,9.8
8.346,9.8
8.348,9.8
8.35,9.8
8.352,9.8
8.354,9.8
8.356,9.8
8.358,9.8
8.36,9.8
8.362,9.8
8.364,9.8
8.366,9.8
8.368,9.8
8.37,9.8
8.372,9.8
8.374,9.8
8.376,9.7
8.378,9.7
8.38,9.7
8.382,9.7
8.384,9.7
8.386,9.7
8.388,9.7
8.39,9.7
8.392,9.7
8.394,9.7
8.396,9.7
8.398,9.7
8.4,9.7
8.402,9.7
8.404,9.7
8.406,9.7
8.408,9.7
8.41,9.7
8.412,9.7
8.414,9.7
8.416,9.7
8.418,9.7
8.42,9.7
8.422,9.7
8.424,9.7
8.426,9.7
8.428,9.7
8.43,9.7
8.432,9.7
8.434,9.6
8.436,9.6
8.438,9.6
8.44,9.6
8.442,9.6
8.444,9.6
8.446,9.6
8.448,9.6
8.45,9.6
8.452,9.6
8.454,9.6
8.456,9.6
8.458,9.6
8.46,9.6
8.462,9.6
8.464,9.6
8.466,9.6
8.468,9.6
8.47,9.6
8.472,9.6
8.474,9.6
8.476,9.6
8.478,9.6
8.48,9.6
8.482,9.6
8.484,9.6
8.486,9.6
8.488,9.6
8.49,9.6
8.492,9.6
8.494,9.6
8.496,9.6
8.498,9.6
8.5,9.6
8.502,9.6
8.504,9.6
8.506,9.6
8.508,9.6
8.51,9.6
8.512,9.6
8.514,9.6
8.516,9.6
8.518,9.6
8.52,9.6
8.522,9.6
8.524,9.6
8.526,9.6
8.528,9.6
8.53,9.6
8.532,9.6
8.534,9.5
8.536,9.5
8.538,9.5
8.54,9.5
8.542,9.5
8.544,9.5
8.546,9.5
8.548,9.5
8.55,9.6
8.552,9.6
8.554,9.6
8.556,9.6
8.558,9.6
8.56,9.6
8.562,9.6
8.564,9.5
8.566,9.5
8.568,9.5
8.57,9.5
8.572,9.5
8.574,9.5
8.576,9.5
8.578,9.5
8.58,9.5
8.582,9.5
8.584,9.5
8.586,9.5
8.588,9.5
8.59,9.5
8.592,9.5
8.594,9.5
8.596,9.6
8.598,9.6
8.6,9.6
8.602,9.5
8.604,9.5
8.606,9.5
8.608,9.5
8.61,9.5
8.612,9.5
8.614,9.5
8.616,9.5
8.618,9.5
8.62,9.5
8.622,9.5
8.624,9.5
8.626,9.4
8.628,9.4
8.63,9.4
8.632,9.5
8.634,9.5
8.636,9.5
8.638,9.5
8.64,9.5
8.642,9.5
8.644,9.5
8.646,9.5
8.648,9.5
8.65,9.5
8.652,9.5
8.654,9.5
8.656,9.4
8.658,9.4
8.66,9.4
8.662,9.4
8.664,9.4
8.666,9.4
8.668,9.4
8.67,9.4
8.672,9.4
8.674,9.4
8.676,9.4
8.678,9.4
8.68,9.4
8.682,9.4
8.684,9.4
8.686,9.4
8.688,9.4
8.69,9.4
8.692,9.4
8.694,9.4
8.696,9.4
8.698,9.4
8.7,9.4
8.702,9.4
8.704,9.4
8.706,9.4
8.708,9.4
8.71,9.4
8.712,9.3
8.714,9.3
8.716,9.4
8.718,9.4
8.72,9.3
8.722,9.3
8.724,9.3
8.726,9.4
8.728,9.4
8.73,9.4
8.732,9.4
8.734,9.4
8.736,9.4
8.738,9.4
8.74,9.3
8.742,9.3
8.744,9.3
8.746,9.3
8.748,9.4
8.75,9.4
8.752,9.4
8.754,9.4
8.756,9.4
8.758,9.4
8.76,9.4
8.762,9.4
8.764,9.4
8.766,9.4
8.768,9.4
8.77,9.3
8.772,9.3
8.774,9.3
8.776,9.3
8.778,9.3
8.78,9.3
8.782,9.3
8.784,9.3
8.786,9.3
8.788,9.2
8.79,9.2
8.792,9.2
8.794,9.2
8.796,9.2
8.798,9.2
8.8,9.2
8.802,9.2
8.804,9.2
8.806,9.3
8.808,9.3
8.81,9.2
8.812,9.2
8.814,9.2
8.816,9.3
8.818,9.3
8.82,9.3
8.822,9.3
8.824,9.2
8.826,9.2
8.828,9.2
8.83,9.2
8.832,9.2
8.834,9.2
8.836,9.2
8.838,9.2
8.84,9.2
8.842,9.2
8.844,9.2
8.846,9.2
8.848,9.2
8.85,9.2
8.852,9.2
8.854,9.2
8.856,9.2
8.858,9.2
8.86,9.2
8.862,9.2
8.864,9.2
8.866,9.2
8.868,9.2
8.87,9.2
8.872,9.2
8.874,9.2
8.876,9.2
8.878,9.2
8.88,9.2
8.882,9.2
8.884,9.2
8.886,9.2
8.888,9.2
8.89,9.2
8.892,9.2
8.894,9.2
8.896,9.2
8.898,9.2
8.9,9.2
8.902,9.2
8.904,9.2
8.906,9.2
8.908,9.2
8.91,9.2
8.912,9.2
8.914,9.2
8.916,9.2
8.918,9.2
8.92,9.2
8.922,9.2
8.924,9.2
8.926,9.2
8.928,9.2
8.93,9.2
8.932,9.2
8.934,9.2
8.936,9.2
8.938,9.2
8.94,9.2
8.942,9.2
8.944,9.2
8.946,9.2
8.948,9.2
8.95,9.2
8.952,9.2
8.954,9.2
8.956,9.2
8.958,9.2
8.96,9.1
8.962,9.1
8.964,9.1
8.966,9.1
8.968,9.1
8.97,9.1
8.972,9.1
8.974,9.1
8.976,9.1
8.978,9.1
8.98,9.1
8.982,9.1
8.984,9.1
8.986,9.1
8.988,9.2
8.99,9.2
8.992,9.2
8.994,9.2
8.996,9.2
8.998,9.2
9,9.2
9.002,9.2
9.004,9.1
9.006,9.1
9.008,9.1
9.01,9.1
9.012,9.1
9.014,9.1
9.016,9.1
9.018,9.1
9.02,9.1
9.022,9.1
9.024,9.1
9.026,9.2
9.028,9.2
9.03,9.2
9.032,9.2
9.034,9.2
9.036,9.2
9.038,9.2
9.04,9.2
9.042,9.2
9.044,9.2
9.046,9.2
9.048,9.3
9.05,9.3
9.052,9.3
9.054,9.2
9.056,9.2
9.058,9.2
9.06,9.2
9.062,9.2
9.064,9.2
9.066,9.2
9.068,9.2
9.07,9.2
9.072,9.2
9.074,9.2
9.076,9.2
9.078,9.2
9.08,9.2
9.082,9.2
9.084,9.2
9.086,9.2
9.088,9.2
9.09,9.2
9.092,9.3
9.094,9.3
9.096,9.3
9.098,9.3
9.1,9.2
9.102,9.2
9.104,9.2
9.106,9.2
9.108,9.2
9.11,9.2
9.112,9.2
9.114,9.2
9.116,9.2
9.118,9.2
9.12,9.2
9.122,9.2
9.124,9.2
9.126,9.2
9.128,9.2
9.13,9.2
9.132,9.2
9.134,9.2
9.136,9.2
9.138,9.2
9.14,9.2
9.142,9.2
9.144,9.2
9.146,9.2
9.148,9.2
9.15,9.2
9.152,9.2
9.154,9.2
9.156,9.2
9.158,9.2
9.16,9.2
9.162,9.2
9.164,9.2
9.166,9.2
9.168,9.2
9.17,9.2
9.172,9.2
9.174,9.2
9.176,9.2
9.178,9.2
9.18,9.2
9.182,9.2
9.184,9.2
9.186,9.2
9.188,9.2
9.19,9.2
9.192,9.2
9.194,9.2
9.196,9.2
9.198,9.2
9.2,9.2
9.202,9.2
9.204,9.2
9.206,9.2
9.208,9.2
9.21,9.2
9.212,9.2
9.214,9.2
9.216,9.2
9.218,9.2
9.22,9.2
9.222,9.2
9.224,9.2
9.226,9.2
9.228,9.2
9.23,9.2
9.232,9.2
9.234,9.2
9.236,9.2
9.238,9.2
9.24,9.3
9.242,9.3
9.244,9.2
9.246,9.2
9.248,9.2
9.25,9.2
9.252,9.2
9.254,9.2
9.256,9.2
9.258,9.2
9.26,9.2
9.262,9.2
9.264,9.2
9.266,9.2
9.268,9.2
9.27,9.2
9.272,9.2
9.274,9.2
9.276,9.2
9.278,9.2
9.28,9.2
9.282,9.2
9.284,9.3
9.286,9.3
9.288,9.3
9.29,9.2
9.292,9.2
9.294,9.3
9.296,9.3
9.298,9.3
9.3,9.3
9.302,9.3
9.304,9.3
9.306,9.3
9.308,9.3
9.31,9.3
9.312,9.3
9.314,9.3
9.316,9.2
9.318,9.2
9.32,9.2
9.322,9.2
9.324,9.2
9.326,9.2
9.328,9.2
9.33,9.2
9.332,9.2
9.334,9.2
9.336,9.2
9.338,9.2
9.34,9.3
9.342,9.3
9.344,9.3
9.346,9.3
9.348,9.3
9.35,9.3
9.352,9.3
9.354,9.3
9.356,9.3
9.358,9.3
9.36,9.3
9.362,9.3
9.364,9.3
9.366,9.3
9.368,9.3
9.37,9.3
9.372,9.3
9.374,9.3
9.376,9.3
9.378,9.3
9.38,9.3
9.382,9.3
9.384,9.3
9.386,9.3
9.388,9.3
9.39,9.2
9.392,9.2
9.394,9.2
9.396,9.2
9.398,9.2
9.4,9.2
9.402,9.2
9.404,9.2
9.406,9.2
9.408,9.2
9.41,9.3
9.412,9.3
9.414,9.3
9.416,9.3
9.418,9.3
9.42,9.3
9.422,9.3
9.424,9.3
9.426,9.3
9.428,9.3
9.43,9.2
9.432,9.2
9.434,9.3
9.436,9.3
9.438,9.3
9.44,9.3
9.442,9.3
9.444,9.3
9.446,9.2
9.448,9.2
9.45,9.2
9.452,9.2
9.454,9.2
9.456,9.2
9.458,9.2
9.46,9.2
9.462,9.2
9.464,9.2
9.466,9.2
9.468,9.2
9.47,9.2
9.472,9.2
9.474,9.2
9.476,9.2
9.478,9.2
9.48,9.2
9.482,9.2
9.484,9.2
9.486,9.2
9.488,9.2
9.49,9.2
9.492,9.2
9.494,9.2
9.496,9.2
9.498,9.2
9.5,9.2
9.502,9.2
9.504,9.2
9.506,9.2
9.508,9.2
9.51,9.2
9.512,9.2
9.514,9.2
9.516,9.2
9.518,9.2
9.52,9.2
9.522,9.2
9.524,9.2
9.526,9.2
9.528,9.2
9.53,9.2
9.532,9.2
9.534,9.2
9.536,9.2
9.538,9.2
9.54,9.2
9.542,9.2
9.544,9.2
9.546,9.2
9.548,9.2
9.55,9.2
9.552,9.2
9.554,9.2
9.556,9.2
9.558,9.2
9.56,9.2
9.562,9.2
9.564,9.2
9.566,9.2
9.568,9.2
9.57,9.2
9.572,9.3
9.574,9.3
9.576,9.2
9.578,9.2
9.58,9.2
9.582,9.2
9.584,9.2
9.586,9.2
9.588,9.2
9.59,9.2
9.592,9.2
9.594,9.2
9.596,9.2
9.598,9.2
9.6,9.2
9.602,9.2
9.604,9.2
9.606,9.2
9.608,9.2
9.61,9.2
9.612,9.2
9.614,9.2
9.616,9.2
9.618,9.2
9.62,9.2
9.622,9.2
9.624,9.2
9.626,9.3
9.628,9.3
9.63,9.2
9.632,9.2
9.634,9.2
9.636,9.2
9.638,9.2
9.64,9.2
9.642,9.2
9.644,9.2
9.646,9.2
9.648,9.2
9.65,9.2
9.652,9.2
9.654,9.2
9.656,9.2
9.658,9.2
9.66,9.3
9.662,9.3
9.664,9.3
9.666,9.3
9.668,9.3
9.67,9.3
9.672,9.3
9.674,9.3
9.676,9.2
9.678,9.2
9.68,9.3
9.682,9.3
9.684,9.3
9.686,9.2
9.688,9.2
9.69,9.2
9.692,9.2
9.694,9.2
9.696,9.2
9.698,9.2
9.7,9.2
9.702,9.2
9.704,9.2
9.706,9.2
9.708,9.2
9.71,9.2
9.712,9.2
9.714,9.2
9.716,9.2
9.718,9.2
9.72,9.2
9.722,9.2
9.724,9.2
9.726,9.2
9.728,9.2
9.73,9.2
9.732,9.2
9.734,9.2
9.736,9.2
9.738,9.2
9.74,9.2
9.742,9.2
9.744,9.2
9.746,9.2
9.748,9.2
9.75,9.2
9.752,9.2
9.754,9.2
9.756,9.2
9.758,9.2
9.76,9.2
9.762,9.2
9.764,9.2
9.766,9.2
9.768,9.2
9.77,9.2
9.772,9.2
9.774,9.2
9.776,9.2
9.778,9.2
9.78,9.2
9.782,9.2
9.784,9.2
9.786,9.2
9.788,9.2
9.79,9.2
9.792,9.2
9.794,9.2
9.796,9.2
9.798,9.2
9.8,9.3
9.802,9.3
9.804,9.3
9.806,9.3
9.808,9.3
9.81,9.3
9.812,9.2
9.814,9.2
9.816,9.2
9.818,9.2
9.82,9.2
9.822,9.2
9.824,9.2
9.826,9.3
9.828,9.3
9.83,9.3
9.832,9.3
9.834,9.3
9.836,9.3
9.838,9.3
9.84,9.3
9.842,9.3
9.844,9.2
9.846,9.2
9.848,9.2
9.85,9.2
9.852,9.2
9.854,9.2
9.856,9.2
9.858,9.2
9.86,9.2
9.862,9.2
9.864,9.2
9.866,9.2
9.868,9.2
9.87,9.2
9.872,9.2
9.874,9.2
9.876,9.2
9.878,9.2
9.88,9.2
9.882,9.2
9.884,9.2
9.886,9.2
9.888,9.2
9.89,9.2
9.892,9.2
9.894,9.2
9.896,9.2
9.898,9.2
9.9,9.2
9.902,9.2
9.904,9.2
9.906,9.2
9.908,9.2
9.91,9.2
9.912,9.2
9.914,9.3
9.916,9.3
9.918,9.3
9.92,9.2
9.922,9.2
9.924,9.2
9.926,9.2
9.928,9.2
9.93,9.2
9.932,9.2
9.934,9.2
9.936,9.2
9.938,9.2
9.94,9.2
9.942,9.2
9.944,9.2
9.946,9.2
9.948,9.2
9.95,9.2
9.952,9.2
9.954,9.2
9.956,9.2
9.958,9.2
9.96,9.2
9.962,9.2
9.964,9.2
9.966,9.2
9.968,9.2
9.97,9.2
9.972,9.2
9.974,9.2
9.976,9.2
9.978,9.2
9.98,9.2
9.982,9.2
9.984,9.2
9.986,9.2
9.988,9.2
9.99,9.2
9.992,9.2
9.994,9.2
9.996,9.2
9.998,9.2
10,9.2
10.002,9.2
10.004,9.2
10.006,9.2
10.008,9.2
10.01,9.2
10.012,9.2
10.014,9.2
10.016,9.2
10.018,9.2
10.02,9.2
10.022,9.2
10.024,9.2
10.026,9.2
10.028,9.2
10.03,9.2
10.032,9.2
10.034,9.2
10.036,9.2
10.038,9.2
10.04,9.3
10.042,9.3
10.044,9.3
10.046,9.3
10.048,9.3
10.05,9.2
10.052,9.2
10.054,9.2
10.056,9.2
10.058,9.2
10.06,9.2
10.062,9.2
10.064,9.2
10.066,9.2
10.068,9.2
10.07,9.2
10.072,9.2
10.074,9.2
10.076,9.2
10.078,9.2
10.08,9.2
10.082,9.2
10.084,9.2
10.086,9.2
10.088,9.2
10.09,9.2
10.092,9.2
10.094,9.2
10.096,9.2
10.098,9.2
10.1,9.2
10.102,9.2
10.104,9.2
10.106,9.2
10.108,9.2
10.11,9.2
10.112,9.2
10.114,9.2
10.116,9.2
10.118,9.2
10.12,9.2
10.122,9.2
10.124,9.2
10.126,9.2
10.128,9.2
10.13,9.2
10.132,9.2
10.134,9.2
10.136,9.2
10.138,9.2
10.14,9.2
10.142,9.2
10.144,9.2
10.146,9.2
10.148,9.2
10.15,9.2
10.152,9.2
10.154,9.2
10.156,9.2
10.158,9.2
10.16,9.2
10.162,9.2
10.164,9.2
10.166,9.2
10.168,9.2
10.17,9.2
10.172,9.2
10.174,9.2
10.176,9.2
10.178,9.2
10.18,9.2
10.182,9.3
10.184,9.2
10.186,9.2
10.188,9.2
10.19,9.2
10.192,9.2
10.194,9.2
10.196,9.2
10.198,9.2
10.2,9.2
10.202,9.2
10.204,9.2
10.206,9.2
10.208,9.2
10.21,9.2
10.212,9.2
10.214,9.2
10.216,9.2
10.218,9.2
10.22,9.2
10.222,9.2
10.224,9.2
10.226,9.2
10.228,9.2
10.23,9.2
10.232,9.2
10.234,9.2
10.236,9.2
10.238,9.2
10.24,9.3
10.242,9.3
10.244,9.3
10.246,9.3
10.248,9.3
10.25,9.3
10.252,9.3
10.254,9.3
10.256,9.3
10.258,9.3
10.26,9.3
10.262,9.3
10.264,9.3
10.266,9.3
10.268,9.3
10.27,9.3
10.272,9.3
10.274,9.3
10.276,9.3
10.278,9.3
10.28,9.3
10.282,9.3
10.284,9.3
10.286,9.3
10.288,9.2
10.29,9.2
10.292,9.2
10.294,9.2
10.296,9.2
10.298,9.2
10.3,9.2
10.302,9.3
10.304,9.3
10.306,9.2
10.308,9.2
10.31,9.2
10.312,9.2
10.314,9.2
10.316,9.2
10.318,9.2
10.32,9.2
10.322,9.2
10.324,9.2
10.326,9.2
10.328,9.2
10.33,9.2
10.332,9.2
10.334,9.2
10.336,9.2
10.338,9.2
10.34,9.2
10.342,9.2
10.344,9.2
10.346,9.2
10.348,9.2
10.35,9.2
10.352,9.2
10.354,9.2
10.356,9.2
10.358,9.2
10.36,9.2
10.362,9.2
10.364,9.2
10.366,9.2
10.368,9.2
10.37,9.2
10.372,9.2
10.374,9.2
10.376,9.2
10.378,9.2
10.38,9.2
10.382,9.2
10.384,9.2
10.386,9.2
10.388,9.2
10.39,9.2
10.392,9.2
10.394,9.2
10.396,9.2
10.398,9.2
10.4,9.2
10.402,9.2
10.404,9.2
10.406,9.3
10.408,9.3
10.41,9.3
10.412,9.3
10.414,9.2
10.416,9.2
10.418,9.3
10.42,9.3
10.422,9.3
10.424,9.3
10.426,9.3
10.428,9.3
10.43,9.3
10.432,9.2
10.434,9.2
10.436,9.2
10.438,9.2
10.44,9.2
10.442,9.2
10.444,9.2
10.446,9.2
10.448,9.2
10.45,9.2
10.452,9.2
10.454,9.2
10.456,9.2
10.458,9.2
10.46,9.2
10.462,9.2
10.464,9.2
10.466,9.2
10.468,9.2
10.47,9.2
10.472,9.2
10.474,9.2
10.476,9.2
10.478,9.2
10.48,9.2
10.482,9.2
10.484,9.2
10.486,9.2
10.488,9.2
10.49,9.2
10.492,9.2
10.494,9.2
10.496,9.2
10.498,9.2
10.5,9.2
10.502,9.2
10.504,9.2
10.506,9.2
10.508,9.2
10.51,9.2
10.512,9.2
10.514,9.2
10.516,9.2
10.518,9.2
10.52,9.2
10.522,9.2
10.524,9.2
10.526,9.2
10.528,9.2
10.53,9.2
10.532,9.2
10.534,9.2
10.536,9.2
10.538,9.2
10.54,9.2
10.542,9.2
10.544,9.2
10.546,9.2
10.548,9.2
10.55,9.2
10.552,9.2
10.554,9.2
10.556,9.2
10.558,9.2
10.56,9.2
10.562,9.2
10.564,9.3
10.566,9.3
10.568,9.3
10.57,9.3
10.572,9.3
10.574,9.3
10.576,9.2
10.578,9.2
10.58,9.2
10.582,9.2
10.584,9.2
10.586,9.2
10.588,9.2
10.59,9.2
10.592,9.2
10.594,9.2
10.596,9.3
10.598,9.3
10.6,9.2
10.602,9.2
10.604,9.2
10.606,9.2
10.608,9.2
10.61,9.2
10.612,9.2
10.614,9.2
10.616,9.2
10.618,9.2
10.62,9.2
10.622,9.2
10.624,9.2
10.626,9.2
10.628,9.2
10.63,9.2
10.632,9.2
10.634,9.2
10.636,9.2
10.638,9.2
10.64,9.2
10.642,9.2
10.644,9.2
10.646,9.2
10.648,9.2
10.65,9.2
10.652,9.2
10.654,9.3
10.656,9.2
10.658,9.2
10.66,9.2
10.662,9.2
10.664,9.2
10.666,9.2
10.668,9.2
10.67,9.2
10.672,9.2
10.674,9.2
10.676,9.2
10.678,9.2
10.68,9.2
10.682,9.3
10.684,9.3
10.686,9.3
10.688,9.3
10.69,9.3
10.692,9.2
10.694,9.2
10.696,9.2
10.698,9.2
10.7,9.2
10.702,9.2
10.704,9.2
10.706,9.2
10.708,9.2
10.71,9.2
10.712,9.2
10.714,9.2
10.716,9.2
10.718,9.2
10.72,9.2
10.722,9.2
10.724,9.2
10.726,9.2
10.728,9.2
10.73,9.2
10.732,9.2
10.734,9.2
10.736,9.2
10.738,9.2
10.74,9.2
10.742,9.2
10.744,9.2
10.746,9.2
10.748,9.2
10.75,9.2
10.752,9.2
10.754,9.2
10.756,9.2
10.758,9.2
10.76,9.2
10.762,9.2
10.764,9.2
10.766,9.2
10.768,9.2
10.77,9.2
10.772,9.2
10.774,9.2
10.776,9.2
10.778,9.2
10.78,9.2
10.782,9.2
10.784,9.2
10.786,9.2
10.788,9.2
10.79,9.2
10.792,9.2
10.794,9.2
10.796,9.2
10.798,9.2
10.8,9.2
10.802,9.2
10.804,9.2
10.806,9.2
10.808,9.2
10.81,9.2
10.812,9.2
10.814,9.2
10.816,9.2
10.818,9.2
10.82,9.2
10.822,9.2
10.824,9.2
10.826,9.2
10.828,9.2
10.83,9.2
10.832,9.2
10.834,9.2
10.836,9.2
10.838,9.2
10.84,9.2
10.842,9.2
10.844,9.2
10.846,9.2
10.848,9.2
10.85,9.2
10.852,9.2
10.854,9.2
10.856,9.2
10.858,9.2
10.86,9.3
10.862,9.3
10.864,9.3
10.866,9.3
10.868,9.3
10.87,9.2
10.872,9.2
10.874,9.2
10.876,9.2
10.878,9.2
10.88,9.2
10.882,9.2
10.884,9.2
10.886,9.2
10.888,9.2
10.89,9.2
10.892,9.2
10.894,9.2
10.896,9.2
10.898,9.2
10.9,9.2
10.902,9.2
10.904,9.2
10.906,9.2
10.908,9.2
10.91,9.2
10.912,9.2
10.914,9.2
10.916,9.2
10.918,9.2
10.92,9.2
10.922,9.2
10.924,9.3
10.926,9.3
10.928,9.3
10.93,9.3
10.932,9.3
10.934,9.2
10.936,9.2
10.938,9.2
10.94,9.2
10.942,9.2
10.944,9.2
10.946,9.2
10.948,9.3
10.95,9.3
10.952,9.3
10.954,9.3
10.956,9.3
10.958,9.3
10.96,9.3
10.962,9.3
10.964,9.3
10.966,9.3
10.968,9.3
10.97,9.3
10.972,9.3
10.974,9.3
10.976,9.3
10.978,9.3
10.98,9.3
10.982,9.3
10.984,9.3
10.986,9.3
10.988,9.3
10.99,9.3
10.992,9.3
10.994,9.3
10.996,9.3
10.998,9.3
11,9.3
11.002,9.3
11.004,9.3
11.006,9.3
11.008,9.3
11.01,9.4
11.012,9.4
11.014,9.4
11.016,9.4
11.018,9.3
11.02,9.3
11.022,9.3
11.024,9.3
11.026,9.3
11.028,9.3
11.03,9.3
11.032,9.3
11.034,9.3
11.036,9.3
11.038,9.3
11.04,9.4
11.042,9.4
11.044,9.4
11.046,9.4
11.048,9.4
11.05,9.4
11.052,9.4
11.054,9.4
11.056,9.4
11.058,9.4
11.06,9.4
11.062,9.4
11.064,9.4
11.066,9.4
11.068,9.4
11.07,9.4
11.072,9.4
11.074,9.4
11.076,9.4
11.078,9.4
11.08,9.4
11.082,9.4
11.084,9.4
11.086,9.4
11.088,9.4
11.09,9.4
11.092,9.4
11.094,9.4
11.096,9.4
11.098,9.4
11.1,9.4
11.102,9.4
11.104,9.4
11.106,9.4
11.108,9.4
11.11,9.4
11.112,9.4
11.114,9.4
11.116,9.4
11.118,9.4
11.12,9.4
11.122,9.4
11.124,9.4
11.126,9.4
11.128,9.4
11.13,9.4
11.132,9.4
11.134,9.4
11.136,9.4
11.138,9.4
11.14,9.5
11.142,9.5
11.144,9.5
11.146,9.5
11.148,9.5
11.15,9.5
11.152,9.5
11.154,9.5
11.156,9.5
11.158,9.5
11.16,9.4
11.162,9.4
11.164,9.4
11.166,9.4
11.168,9.4
11.17,9.5
11.172,9.5
11.174,9.5
11.176,9.5
11.178,9.5
11.18,9.5
11.182,9.5
11.184,9.5
11.186,9.5
11.188,9.5
11.19,9.5
11.192,9.5
11.194,9.5
11.196,9.5
11.198,9.5
11.2,9.5
11.202,9.5
11.204,9.4
11.206,9.5
11.208,9.5
11.21,9.5
11.212,9.5
11.214,9.5
11.216,9.5
11.218,9.5
11.22,9.5
11.222,9.5
11.224,9.5
11.226,9.5
11.228,9.5
11.23,9.5
11.232,9.5
11.234,9.5
11.236,9.5
11.238,9.5
11.24,9.5
11.242,9.5
11.244,9.5
11.246,9.5
11.248,9.5
11.25,9.5
11.252,9.5
11.254,9.5
11.256,9.6
11.258,9.6
11.26,9.6
11.262,9.6
11.264,9.5
11.266,9.5
11.268,9.5
11.27,9.5
11.272,9.6
11.274,9.6
11.276,9.6
11.278,9.6
11.28,9.6
11.282,9.6
11.284,9.6
11.286,9.6
11.288,9.6
11.29,9.6
11.292,9.6
11.294,9.6
11.296,9.6
11.298,9.6
11.3,9.6
11.302,9.6
11.304,9.6
11.306,9.6
11.308,9.6
11.31,9.6
11.312,9.6
11.314,9.6
11.316,9.6
11.318,9.6
11.32,9.6
11.322,9.6
11.324,9.6
11.326,9.6
11.328,9.6
11.33,9.6
11.332,9.6
11.334,9.6
11.336,9.6
11.338,9.6
11.34,9.7
11.342,9.7
11.344,9.7
11.346,9.7
11.348,9.7
11.35,9.6
11.352,9.6
11.354,9.6
11.356,9.6
11.358,9.6
11.36,9.7
11.362,9.7
11.364,9.7
11.366,9.6
11.368,9.6
11.37,9.7
11.372,9.7
11.374,9.7
11.376,9.7
11.378,9.7
11.38,9.7
11.382,9.7
11.384,9.7
11.386,9.7
11.388,9.7
11.39,9.7
11.392,9.7
11.394,9.7
11.396,9.7
11.398,9.7
11.4,9.7
11.402,9.7
11.404,9.7
11.406,9.7
11.408,9.7
11.41,9.7
11.412,9.7
11.414,9.7
11.416,9.7
11.418,9.7
11.42,9.7
11.422,9.7
11.424,9.7
11.426,9.7
11.428,9.7
11.43,9.7
11.432,9.7
11.434,9.7
11.436,9.7
11.438,9.7
11.44,9.7
11.442,9.7
11.444,9.7
11.446,9.7
11.448,9.7
11.45,9.7
11.452,9.7
11.454,9.7
11.456,9.7
11.458,9.7
11.46,9.7
11.462,9.7
11.464,9.7
11.466,9.7
11.468,9.7
11.47,9.7
11.472,9.7
11.474,9.7
11.476,9.7
11.478,9.7
11.48,9.8
11.482,9.8
11.484,9.8
11.486,9.8
11.488,9.8
11.49,9.8
11.492,9.8
11.494,9.8
11.496,9.8
11.498,9.8
11.5,9.8
11.502,9.8
11.504,9.8
11.506,9.8
11.508,9.8
11.51,9.8
11.512,9.8
11.514,9.8
11.516,9.8
11.518,9.8
11.52,9.8
11.522,9.8
11.524,9.8
11.526,9.8
11.528,9.8
11.53,9.8
11.532,9.8
11.534,9.8
11.536,9.8
11.538,9.8
11.54,9.8
11.542,9.8
11.544,9.8
11.546,9.9
11.548,9.8
11.55,9.9
11.552,9.9
11.554,9.9
11.556,9.8
11.558,9.8
11.56,9.8
11.562,9.8
11.564,9.8
11.566,9.8
11.568,9.8
11.57,9.8
11.572,9.9
11.574,9.9
11.576,9.9
11.578,9.9
11.58,9.8
11.582,9.8
11.584,9.9
11.586,9.9
11.588,9.9
11.59,9.9
11.592,9.9
11.594,9.8
11.596,9.8
11.598,9.8
11.6,9.8
11.602,9.8
11.604,9.8
11.606,9.8
11.608,9.8
11.61,9.8
11.612,9.8
11.614,9.8
11.616,9.8
11.618,9.8
11.62,9.8
11.622,9.8
11.624,9.8
11.626,9.8
11.628,9.8
11.63,9.8
11.632,9.8
11.634,9.8
11.636,9.8
11.638,9.8
11.64,9.8
11.642,9.8
11.644,9.8
11.646,9.8
11.648,9.8
11.65,9.8
11.652,9.9
11.654,9.9
11.656,9.9
11.658,9.9
11.66,9.9
11.662,9.9
11.664,9.9
11.666,9.9
11.668,9.9
11.67,9.9
11.672,9.9
11.674,9.9
11.676,9.9
11.678,9.8
11.68,9.8
11.682,9.8
11.684,9.8
11.686,9.8
11.688,9.8
11.69,9.8
11.692,9.8
11.694,9.8
11.696,9.8
11.698,9.8
11.7,9.8
11.702,9.8
11.704,9.8
11.706,9.8
11.708,9.8
11.71,9.8
11.712,9.8
11.714,9.8
11.716,9.8
11.718,9.8
11.72,9.8
11.722,9.8
11.724,9.8
11.726,9.8
11.728,9.8
11.73,9.8
11.732,9.9
11.734,9.9
11.736,9.8
11.738,9.8
11.74,9.8
11.742,9.8
11.744,9.8
11.746,9.8
11.748,9.8
11.75,9.8
11.752,9.8
11.754,9.8
11.756,9.8
11.758,9.8
11.76,9.8
11.762,9.8
11.764,9.8
11.766,9.8
11.768,9.8
11.77,9.8
11.772,9.8
11.774,9.8
11.776,9.8
11.778,9.8
11.78,9.8
11.782,9.8
11.784,9.8
11.786,9.8
11.788,9.8
11.79,9.8
11.792,9.8
11.794,9.8
11.796,9.8
11.798,9.8
11.8,9.8
11.802,9.8
11.804,9.8
11.806,9.8
11.808,9.8
11.81,9.8
11.812,9.8
11.814,9.8
11.816,9.8
11.818,9.8
11.82,9.8
11.822,9.8
11.824,9.8
11.826,9.8
11.828,9.8
11.83,9.8
11.832,9.8
11.834,9.8
11.836,9.8
11.838,9.8
11.84,9.8
11.842,9.8
11.844,9.8
11.846,9.8
11.848,9.8
11.85,9.8
11.852,9.8
11.854,9.7
11.856,9.7
11.858,9.7
11.86,9.8
11.862,9.8
11.864,9.8
11.866,9.8
11.868,9.8
11.87,9.8
11.872,9.8
11.874,9.8
11.876,9.8
11.878,9.8
11.88,9.8
11.882,9.8
11.884,9.8
11.886,9.8
11.888,9.8
11.89,9.8
11.892,9.8
11.894,9.9
11.896,9.9
11.898,9.9
11.9,9.8
11.902,9.8
11.904,9.8
11.906,9.8
11.908,9.8
11.91,9.8
11.912,9.8
11.914,9.8
11.916,9.9
11.918,9.9
11.92,9.9
11.922,9.9
11.924,9.9
11.926,9.9
11.928,9.9
11.93,9.9
11.932,9.8
11.934,9.8
11.936,9.8
11.938,9.8
11.94,9.8
11.942,9.8
11.944,9.8
11.946,9.8
11.948,9.8
11.95,9.8
11.952,9.8
11.954,9.8
11.956,9.8
11.958,9.8
11.96,9.8
11.962,9.8
11.964,9.8
11.966,9.9
11.968,9.9
11.97,9.9
11.972,9.9
11.974,9.9
11.976,9.9
11.978,9.9
11.98,9.9
11.982,9.9
11.984,9.8
11.986,9.8
11.988,9.8
11.99,9.8
11.992,9.8
11.994,9.8
11.996,9.8
11.998,9.8
12,9.8
